order_id,customer_id,order_date,total_amount,discount_amount,campaign_id,status
1,87,2025-01-01,10260,0,,completed
2,121,2025-01-01,1848,0,,completed
3,58,2025-01-01,13464,0,,completed
4,64,2025-01-01,5478,0,,completed
5,160,2025-01-01,2728,0,,completed
6,122,2025-01-02,4480,0,,completed
7,56,2025-01-02,3660,0,,completed
8,156,2025-01-02,13464,0,,completed
9,149,2025-01-02,9878,0,,completed
10,174,2025-01-03,4136,0,,completed
11,152,2025-01-03,52890,0,,completed
12,145,2025-01-03,1848,0,,completed
13,18,2025-01-03,6534,0,,completed
14,111,2025-01-03,6460,0,,completed
15,188,2025-01-03,7460,0,,completed
16,199,2025-01-03,10660,0,,completed
17,63,2025-01-04,9878,0,,completed
18,116,2025-01-04,1680,0,,completed
19,146,2025-01-04,10054,0,,completed
20,91,2025-01-04,11960,0,,completed
21,3,2025-01-04,6864,0,,completed
22,105,2025-01-05,79260,0,,completed
23,149,2025-01-05,5126,0,,completed
24,136,2025-01-05,10660,0,,completed
25,79,2025-01-05,3760,0,,completed
26,185,2025-01-05,1980,0,,completed
27,50,2025-01-05,9878,0,,completed
28,26,2025-01-05,9878,0,,completed
29,59,2025-01-05,10960,0,,completed
30,182,2025-01-06,8980,0,,completed
31,12,2025-01-06,2980,0,,completed
32,75,2025-01-06,4480,0,,completed
33,4,2025-01-07,13574,0,,completed
34,113,2025-01-07,7656,0,,completed
35,65,2025-01-07,2560,0,,completed
36,126,2025-01-08,29130,0,,completed
37,145,2025-01-08,4136,0,,completed
38,31,2025-01-08,8960,0,,completed
39,159,2025-01-08,2980,0,,completed
40,98,2025-01-08,11726,0,,completed
41,151,2025-01-08,13460,0,,completed
42,16,2025-01-09,14014,0,,completed
43,41,2025-01-09,2178,0,,completed
44,142,2025-01-09,2178,0,,completed
45,1,2025-01-09,10660,0,,completed
46,9,2025-01-09,9878,0,,completed
47,181,2025-01-09,10260,0,,completed
48,161,2025-01-09,15334,0,,completed
49,19,2025-01-10,26100,0,,completed
50,146,2025-01-10,3256,0,,completed
51,120,2025-01-10,58590,0,,completed
52,111,2025-01-10,13460,0,,completed
53,24,2025-01-11,4980,0,,completed
54,196,2025-01-11,20284,0,,completed
55,196,2025-01-11,1848,0,,completed
56,167,2025-01-12,10960,0,,completed
57,150,2025-01-12,2960,0,,completed
58,90,2025-01-12,3586,0,,completed
59,85,2025-01-12,5960,0,,completed
60,10,2025-01-12,2816,0,,completed
61,198,2025-01-12,8756,0,,completed
62,169,2025-01-12,6460,0,,completed
63,160,2025-01-13,8206,0,,completed
64,69,2025-01-13,8980,0,,completed
65,113,2025-01-13,8734,0,,completed
66,162,2025-01-13,4980,0,,completed
67,142,2025-01-13,4136,0,,completed
68,119,2025-01-14,4480,0,,completed
69,184,2025-01-14,7460,0,,completed
70,121,2025-01-14,1848,0,,completed
71,38,2025-01-15,6960,0,,completed
72,131,2025-01-15,57720,0,,completed
73,77,2025-01-15,3660,0,,completed
74,138,2025-01-15,39450,0,,completed
75,10,2025-01-15,3278,0,,completed
76,152,2025-01-15,15090,0,,completed
77,121,2025-01-15,9856,0,,completed
78,173,2025-01-16,7460,0,,completed
79,10,2025-01-16,14014,0,,completed
80,59,2025-01-16,1280,0,,completed
81,114,2025-01-16,4980,0,,completed
82,12,2025-01-16,13960,0,,completed
83,96,2025-01-17,4460,0,,completed
84,136,2025-01-17,6460,0,,completed
85,45,2025-01-17,33600,0,,completed
86,62,2025-01-17,6460,0,,completed
87,60,2025-01-17,104070,0,,completed
88,151,2025-01-18,10660,0,,completed
89,78,2025-01-18,1280,0,,completed
90,61,2025-01-18,13460,0,,completed
91,6,2025-01-18,20284,0,,completed
92,199,2025-01-18,4480,0,,completed
93,57,2025-01-19,4480,0,,completed
94,65,2025-01-19,5980,0,,completed
95,161,2025-01-19,17204,0,,completed
96,9,2025-01-19,13464,0,,completed
97,52,2025-01-19,2980,0,,completed
98,136,2025-01-20,10960,0,,completed
99,124,2025-01-20,2960,0,,completed
100,20,2025-01-20,2480,0,,completed
101,174,2025-01-20,7084,0,,completed
102,138,2025-01-20,45450,0,,completed
103,164,2025-01-21,6886,0,,completed
104,159,2025-01-21,6960,0,,completed
105,166,2025-01-21,9878,0,,completed
106,167,2025-01-21,3260,0,,completed
107,12,2025-01-21,8980,0,,completed
108,127,2025-01-21,6390,0,,completed
109,117,2025-01-22,44100,0,,completed
110,72,2025-01-22,4480,0,,completed
111,114,2025-01-22,15980,0,,completed
112,176,2025-01-22,67590,0,,completed
113,170,2025-01-22,4980,0,,completed
114,13,2025-01-22,4906,0,,completed
115,53,2025-01-23,11190,0,,completed
116,60,2025-01-23,35760,0,,completed
117,45,2025-01-23,14130,0,,completed
118,83,2025-01-23,1980,0,,completed
119,68,2025-01-23,1980,0,,completed
120,190,2025-01-23,4686,0,,completed
121,191,2025-01-23,1848,0,,completed
122,200,2025-01-24,7460,0,,completed
123,28,2025-01-24,5460,0,,completed
124,158,2025-01-24,8980,0,,completed
125,118,2025-01-24,12804,0,,completed
126,103,2025-01-24,5760,0,,completed
127,21,2025-01-24,6460,0,,completed
128,33,2025-01-25,6160,0,,completed
129,98,2025-01-25,15004,0,,completed
130,130,2025-01-25,3760,0,,completed
131,116,2025-01-26,4480,0,,completed
132,103,2025-01-26,17960,0,,completed
133,96,2025-01-26,1280,0,,completed
134,24,2025-01-26,1280,0,,completed
135,111,2025-01-26,1980,0,,completed
136,143,2025-01-26,4480,0,,completed
137,144,2025-01-27,4660,0,,completed
138,185,2025-01-27,8980,0,,completed
139,154,2025-01-27,4906,0,,completed
140,169,2025-01-27,3760,0,,completed
141,90,2025-01-27,17534,0,,completed
142,110,2025-01-27,4480,0,,completed
143,169,2025-01-27,6960,0,,completed
144,180,2025-01-28,3960,0,,completed
145,145,2025-01-28,10714,0,,completed
146,192,2025-01-28,16800,0,,completed
147,14,2025-01-28,2178,0,,completed
148,194,2025-01-28,5980,0,,completed
149,170,2025-01-29,6160,0,,completed
150,114,2025-01-29,11460,0,,completed
151,194,2025-01-29,8980,0,,completed
152,174,2025-01-29,10054,0,,completed
153,171,2025-01-29,7460,0,,completed
154,102,2025-01-29,4980,0,,completed
155,78,2025-01-30,1980,0,,completed
156,196,2025-01-30,14806,0,,completed
157,192,2025-01-30,114390,0,,completed
158,5,2025-01-30,4260,0,,completed
159,164,2025-01-31,11286,0,,completed
160,104,2025-01-31,4480,0,,completed
161,177,2025-01-31,3760,0,,completed
162,112,2025-01-31,4260,0,,completed
163,102,2025-01-31,3660,0,,completed
164,20,2025-01-31,2980,0,,completed
165,131,2025-01-31,18360,0,,completed
166,45,2025-01-31,52110,0,,completed
167,175,2025-02-01,8184,0,,completed
168,121,2025-02-01,14806,0,,completed
169,15,2025-02-01,4260,0,,completed
170,80,2025-02-01,56850,0,,completed
171,99,2025-02-01,7460,0,,completed
172,190,2025-02-01,1848,0,,completed
173,167,2025-02-02,1980,0,,completed
174,16,2025-02-02,2816,0,,completed
175,130,2025-02-02,4980,0,,completed
176,64,2025-02-02,6974,0,,completed
177,134,2025-02-02,8980,0,,completed
178,100,2025-02-02,6886,0,,completed
179,85,2025-02-02,2980,0,,completed
180,99,2025-02-03,10960,0,,completed
181,86,2025-02-03,4928,0,,completed
182,170,2025-02-03,2980,0,,completed
183,34,2025-02-03,42930,0,,completed
184,172,2025-02-03,8734,0,,completed
185,93,2025-02-03,4460,0,,completed
186,88,2025-02-03,5456,0,,completed
187,36,2025-02-03,1280,0,,completed
188,26,2025-02-04,10934,0,,completed
189,153,2025-02-04,4356,0,,completed
190,47,2025-02-04,10384,0,,completed
191,94,2025-02-04,1680,0,,completed
192,157,2025-02-04,5460,0,,completed
193,80,2025-02-05,72390,0,,completed
194,36,2025-02-05,6660,0,,completed
195,142,2025-02-05,1408,0,,completed
196,73,2025-02-05,2178,0,,completed
197,116,2025-02-06,3480,0,,completed
198,57,2025-02-06,7960,0,,completed
199,102,2025-02-06,4160,0,,completed
200,58,2025-02-06,1848,0,,completed
201,38,2025-02-06,4980,0,,completed
202,121,2025-02-07,9064,0,,completed
203,5,2025-02-07,4460,0,,completed
204,141,2025-02-07,18084,0,,completed
205,61,2025-02-07,6260,0,,completed
206,62,2025-02-07,5760,0,,completed
207,128,2025-02-08,2480,0,,completed
208,184,2025-02-08,8980,0,,completed
209,110,2025-02-08,4480,0,,completed
210,62,2025-02-09,3660,0,,completed
211,18,2025-02-09,9834,0,,completed
212,142,2025-02-09,5478,0,,completed
213,163,2025-02-09,6660,0,,completed
214,62,2025-02-09,4480,0,,completed
215,194,2025-02-10,6960,0,,completed
216,91,2025-02-10,6460,0,,completed
217,35,2025-02-10,4480,0,,completed
218,10,2025-02-10,8206,0,,completed
219,52,2025-02-10,2980,0,,completed
220,140,2025-02-10,13960,0,,completed
221,193,2025-02-10,8980,0,,completed
222,92,2025-02-10,17280,0,,completed
223,48,2025-02-11,10260,0,,completed
224,187,2025-02-11,54000,0,,completed
225,115,2025-02-11,11704,0,,completed
226,112,2025-02-11,6260,0,,completed
227,172,2025-02-11,9834,0,,completed
228,174,2025-02-12,7656,0,,completed
229,18,2025-02-12,3278,0,,completed
230,146,2025-02-12,4928,0,,completed
231,40,2025-02-12,5760,0,,completed
232,36,2025-02-12,11460,0,,completed
233,30,2025-02-12,3278,0,,completed
234,144,2025-02-12,8980,0,,completed
235,181,2025-02-13,6960,0,,completed
236,74,2025-02-13,3760,0,,completed
237,35,2025-02-13,1680,0,,completed
238,45,2025-02-13,39870,0,,completed
239,131,2025-02-13,7410,0,,completed
240,142,2025-02-14,8514,0,,completed
241,17,2025-02-14,8206,0,,completed
242,106,2025-02-14,5760,0,,completed
243,33,2025-02-14,7660,0,,completed
244,175,2025-02-14,9834,0,,completed
245,133,2025-02-15,8980,0,,completed
246,43,2025-02-15,2480,0,,completed
247,89,2025-02-15,10260,0,,completed
248,163,2025-02-16,3260,0,,completed
249,129,2025-02-16,12034,0,,completed
250,40,2025-02-16,1680,0,,completed
251,145,2025-02-16,5478,0,,completed
252,12,2025-02-17,7460,0,,completed
253,164,2025-02-17,1848,0,,completed
254,161,2025-02-17,17534,0,,completed
255,104,2025-02-18,2960,0,,completed
256,177,2025-02-18,1980,0,,completed
257,113,2025-02-18,3696,0,,completed
258,53,2025-02-18,33630,0,,completed
259,28,2025-02-18,4160,0,,completed
260,32,2025-02-18,4160,0,,completed
261,37,2025-02-18,4980,0,,completed
262,75,2025-02-18,6460,0,,completed
263,148,2025-02-19,4460,0,,completed
264,128,2025-02-19,10660,0,,completed
265,128,2025-02-19,1280,0,,completed
266,101,2025-02-19,71730,0,,completed
267,173,2025-02-19,11960,0,,completed
268,28,2025-02-20,10960,0,,completed
269,187,2025-02-20,41010,0,,completed
270,19,2025-02-20,47730,0,,completed
271,96,2025-02-21,5460,0,,completed
272,155,2025-02-21,7960,0,,completed
273,12,2025-02-21,1980,0,,completed
274,183,2025-02-21,4660,0,,completed
275,117,2025-02-21,39540,0,,completed
276,42,2025-02-21,96690,0,,completed
277,85,2025-02-22,4980,0,,completed
278,153,2025-02-22,12606,0,,completed
279,185,2025-02-22,4480,0,,completed
280,123,2025-02-22,2980,0,,completed
281,162,2025-02-22,3260,0,,completed
282,5,2025-02-23,7460,0,,completed
283,189,2025-02-23,2480,0,,completed
284,144,2025-02-23,7460,0,,completed
285,137,2025-02-23,13156,0,,completed
286,124,2025-02-24,2480,0,,completed
287,72,2025-02-24,11460,0,,completed
288,198,2025-02-24,14806,0,,completed
289,74,2025-02-24,4480,0,,completed
290,174,2025-02-24,15334,0,,completed
291,11,2025-02-24,10660,0,,completed
292,168,2025-02-24,6006,0,,completed
293,144,2025-02-25,3260,0,,completed
294,158,2025-02-25,2480,0,,completed
295,13,2025-02-25,7414,0,,completed
296,106,2025-02-25,6960,0,,completed
297,141,2025-02-25,4928,0,,completed
298,167,2025-02-26,8980,0,,completed
299,83,2025-02-26,7260,0,,completed
300,167,2025-02-26,2980,0,,completed
301,190,2025-02-26,9834,0,,completed
302,10,2025-02-26,4026,0,,completed
303,192,2025-02-26,61320,0,,completed
304,120,2025-02-27,67260,0,,completed
305,189,2025-02-27,13460,0,,completed
306,173,2025-02-27,1980,0,,completed
307,157,2025-02-27,3260,0,,completed
308,36,2025-02-27,13960,0,,completed
309,99,2025-02-27,1680,0,,completed
310,193,2025-02-27,13960,0,,completed
311,93,2025-02-28,4980,0,,completed
312,171,2025-02-28,1680,0,,completed
313,79,2025-02-28,8980,0,,completed
314,177,2025-02-28,8980,0,,completed
315,95,2025-02-28,7634,0,,completed
316,123,2025-02-28,1680,0,,completed
317,192,2025-02-28,46980,0,,completed
318,136,2025-02-28,5760,0,,completed
319,16,2025-03-01,10934,0,5,completed
320,138,2025-03-01,20640,0,5,completed
321,53,2025-03-01,27300,0,5,completed
322,144,2025-03-02,9960,0,5,completed
323,191,2025-03-02,4928,0,5,completed
324,19,2025-03-02,13230,0,5,completed
325,9,2025-03-03,5456,0,5,completed
326,96,2025-03-03,3660,0,5,completed
327,168,2025-03-03,3586,0,5,completed
328,138,2025-03-03,59730,0,5,completed
329,89,2025-03-03,8980,0,5,completed
330,49,2025-03-03,29880,0,5,completed
331,18,2025-03-04,4928,0,5,completed
332,9,2025-03-04,10406,0,5,completed
333,63,2025-03-04,13684,0,5,completed
334,36,2025-03-04,4160,0,5,completed
335,78,2025-03-05,2980,0,5,completed
336,77,2025-03-05,7960,0,5,completed
337,152,2025-03-05,24600,0,5,completed
338,77,2025-03-05,4960,0,5,completed
339,62,2025-03-06,8980,0,5,completed
340,182,2025-03-06,1680,0,5,completed
341,15,2025-03-06,4460,0,5,completed
342,85,2025-03-06,1680,0,5,completed
343,95,2025-03-06,3278,0,5,completed
344,186,2025-03-06,4980,0,5,completed
345,97,2025-03-07,15334,0,5,completed
346,19,2025-03-07,34350,0,5,completed
347,49,2025-03-07,14160,0,5,completed
348,62,2025-03-07,10660,0,5,completed
349,79,2025-03-07,6160,0,5,completed
350,185,2025-03-08,4160,0,5,completed
351,190,2025-03-08,5478,0,5,completed
352,67,2025-03-08,12034,0,5,completed
353,85,2025-03-09,2480,0,5,completed
354,128,2025-03-09,10660,0,5,completed
355,186,2025-03-09,3660,0,5,completed
356,188,2025-03-09,3960,0,5,completed
357,140,2025-03-10,4960,0,5,completed
358,165,2025-03-10,2980,0,5,completed
359,9,2025-03-10,6578,0,5,completed
360,2,2025-03-10,3960,0,5,completed
361,3,2025-03-10,3278,0,5,completed
362,117,2025-03-10,67500,0,5,completed
363,142,2025-03-10,10956,0,5,completed
364,136,2025-03-10,11960,0,5,completed
365,129,2025-03-11,4994,0,5,completed
366,135,2025-03-11,2480,0,5,completed
367,50,2025-03-11,16434,0,5,completed
368,96,2025-03-12,6160,0,5,completed
369,63,2025-03-12,14014,0,5,completed
370,168,2025-03-12,11814,0,5,completed
371,164,2025-03-13,4928,0,5,completed
372,112,2025-03-13,5760,0,5,completed
373,136,2025-03-13,2480,0,5,completed
374,178,2025-03-14,13960,0,5,completed
375,20,2025-03-14,7460,0,5,completed
376,169,2025-03-14,1980,0,5,completed
377,81,2025-03-14,2480,0,5,completed
378,37,2025-03-15,10260,0,5,completed
379,42,2025-03-15,24240,0,5,completed
380,191,2025-03-15,6886,0,5,completed
381,112,2025-03-15,1280,0,5,completed
382,88,2025-03-15,11704,0,5,completed
383,8,2025-03-15,3360,0,5,completed
384,59,2025-03-15,5960,0,5,completed
385,198,2025-03-16,22484,0,,completed
386,69,2025-03-16,1980,0,,completed
387,190,2025-03-16,6886,0,,completed
388,114,2025-03-17,10260,0,,completed
389,34,2025-03-17,13500,0,,completed
390,143,2025-03-17,6260,0,,completed
391,23,2025-03-17,4686,0,,completed
392,153,2025-03-17,16764,0,,completed
393,144,2025-03-18,4480,0,,completed
394,134,2025-03-18,1980,0,,completed
395,69,2025-03-18,10660,0,,completed
396,38,2025-03-18,1980,0,,completed
397,112,2025-03-18,3760,0,,completed
398,185,2025-03-18,8960,0,,completed
399,51,2025-03-18,3260,0,,completed
400,78,2025-03-18,2980,0,,completed
401,113,2025-03-19,12056,0,,completed
402,83,2025-03-19,1680,0,,completed
403,81,2025-03-19,8980,0,,completed
404,189,2025-03-19,6960,0,,completed
405,84,2025-03-19,72540,0,,completed
406,113,2025-03-20,12056,0,,completed
407,163,2025-03-20,11460,0,,completed
408,169,2025-03-20,2980,0,,completed
409,19,2025-03-20,57150,0,,completed
410,169,2025-03-21,4960,0,,completed
411,193,2025-03-21,10260,0,,completed
412,57,2025-03-21,1680,0,,completed
413,96,2025-03-21,3660,0,,completed
414,7,2025-03-22,11286,0,,completed
415,107,2025-03-22,1280,0,,completed
416,187,2025-03-22,35820,0,,completed
417,179,2025-03-22,23056,0,,completed
418,182,2025-03-22,4980,0,,completed
419,166,2025-03-23,2728,0,,completed
420,133,2025-03-23,2980,0,,completed
421,41,2025-03-23,6006,0,,completed
422,104,2025-03-23,1980,0,,completed
423,164,2025-03-23,9504,0,,completed
424,100,2025-03-24,9878,0,,completed
425,193,2025-03-24,4480,0,,completed
426,27,2025-03-24,8514,0,,completed
427,68,2025-03-24,5960,0,,completed
428,157,2025-03-24,5760,0,,completed
429,90,2025-03-24,6776,0,,completed
430,173,2025-03-25,8960,0,,completed
431,22,2025-03-25,8980,0,,completed
432,30,2025-03-25,3278,0,,completed
433,108,2025-03-25,12034,0,,completed
434,138,2025-03-26,12480,0,,completed
435,81,2025-03-26,9460,0,,completed
436,92,2025-03-26,9960,0,,completed
437,144,2025-03-26,7460,0,,completed
438,43,2025-03-26,4480,0,,completed
439,8,2025-03-26,8980,0,,completed
440,9,2025-03-26,6006,0,,completed
441,74,2025-03-26,1680,0,,completed
442,191,2025-03-27,6556,0,,completed
443,29,2025-03-27,62820,0,,completed
444,113,2025-03-27,15334,0,,completed
445,9,2025-03-27,11286,0,,completed
446,113,2025-03-27,2728,0,,completed
447,54,2025-03-27,10384,0,,completed
448,158,2025-03-27,2480,0,,completed
449,16,2025-03-28,21934,0,,completed
450,147,2025-03-28,4960,0,,completed
451,193,2025-03-28,13960,0,,completed
452,168,2025-03-28,2728,0,,completed
453,183,2025-03-29,4460,0,,completed
454,148,2025-03-29,5760,0,,completed
455,163,2025-03-29,8980,0,,completed
456,178,2025-03-29,3360,0,,completed
457,149,2025-03-30,9878,0,,completed
458,118,2025-03-30,7964,0,,completed
459,55,2025-03-30,10660,0,,completed
460,141,2025-03-30,8954,0,,completed
461,88,2025-03-30,12364,0,,completed
462,118,2025-03-31,1408,0,,completed
463,41,2025-03-31,7326,0,,completed
464,110,2025-03-31,8980,0,,completed
465,41,2025-03-31,2816,0,,completed
466,96,2025-03-31,4980,0,,completed
467,102,2025-03-31,3760,0,,completed
468,1,2025-03-31,1680,0,,completed
469,20,2025-03-31,4480,0,,completed
470,133,2025-04-01,9960,0,,completed
471,179,2025-04-01,6336,0,,completed
472,19,2025-04-01,15000,0,,completed
473,199,2025-04-01,1980,0,,completed
474,136,2025-04-02,4480,0,,completed
475,167,2025-04-02,1680,0,,completed
476,90,2025-04-02,10934,0,,completed
477,114,2025-04-03,1280,0,,completed
478,26,2025-04-03,1408,0,,completed
479,151,2025-04-03,3660,0,,completed
480,64,2025-04-03,9856,0,,completed
481,154,2025-04-03,11484,0,,completed
482,156,2025-04-03,10934,0,,completed
483,127,2025-04-03,26610,0,,completed
484,146,2025-04-03,4026,0,,completed
485,5,2025-04-04,4980,0,,completed
486,68,2025-04-04,4980,0,,completed
487,16,2025-04-04,13156,0,,completed
488,183,2025-04-05,3260,0,,completed
489,72,2025-04-05,8980,0,,completed
490,21,2025-04-05,1980,0,,completed
491,138,2025-04-05,26220,0,,completed
492,171,2025-04-05,1280,0,,completed
493,4,2025-04-05,13904,0,,completed
494,89,2025-04-05,10960,0,,completed
495,188,2025-04-05,4980,0,,completed
496,110,2025-04-06,4260,0,,completed
497,68,2025-04-06,1680,0,,completed
498,117,2025-04-06,38580,0,,completed
499,131,2025-04-06,11190,0,,completed
500,121,2025-04-06,7656,0,,completed
501,183,2025-04-07,4160,0,,completed
502,70,2025-04-07,4480,0,,completed
503,96,2025-04-07,2980,0,,completed
504,173,2025-04-07,1980,0,,completed
505,58,2025-04-07,11154,0,,completed
506,73,2025-04-07,19426,0,,completed
507,3,2025-04-07,12606,0,,completed
508,78,2025-04-08,1680,0,,completed
509,95,2025-04-08,7304,0,,completed
510,39,2025-04-08,3480,0,,completed
511,139,2025-04-08,20960,0,,completed
512,169,2025-04-08,3760,0,,completed
513,136,2025-04-08,4980,0,,completed
514,37,2025-04-08,6260,0,,completed
515,134,2025-04-09,13460,0,,completed
516,25,2025-04-09,15450,0,,completed
517,75,2025-04-09,4660,0,,completed
518,82,2025-04-09,28140,0,,completed
519,120,2025-04-10,14520,0,,completed
520,41,2025-04-10,18084,0,,completed
521,84,2025-04-10,40140,0,,completed
522,45,2025-04-10,6240,0,,completed
523,36,2025-04-10,4980,0,,completed
524,16,2025-04-10,2178,0,,completed
525,103,2025-04-11,5760,0,,completed
526,151,2025-04-11,6260,0,,completed
527,17,2025-04-11,2178,0,,completed
528,24,2025-04-11,6260,0,,completed
529,13,2025-04-12,4928,0,,completed
530,111,2025-04-12,6660,0,,completed
531,98,2025-04-12,14784,0,,completed
532,72,2025-04-12,6960,0,,completed
533,158,2025-04-12,2980,0,,completed
534,141,2025-04-12,6886,0,,completed
535,99,2025-04-13,2480,0,,completed
536,162,2025-04-13,1680,0,,completed
537,123,2025-04-13,6660,0,,completed
538,82,2025-04-13,38820,0,,completed
539,197,2025-04-13,6314,0,,completed
540,169,2025-04-14,8980,0,,completed
541,137,2025-04-14,13134,0,,completed
542,100,2025-04-14,4356,0,,completed
543,61,2025-04-14,6960,0,,completed
544,49,2025-04-15,36540,0,,completed
545,6,2025-04-15,10054,0,,completed
546,34,2025-04-15,33120,0,,completed
547,135,2025-04-15,4260,0,,completed
548,151,2025-04-15,1980,0,,completed
549,41,2025-04-15,9504,0,,completed
550,171,2025-04-15,8980,0,,completed
551,46,2025-04-16,20880,0,,completed
552,155,2025-04-16,6960,0,,completed
553,164,2025-04-16,5434,0,,completed
554,85,2025-04-16,2480,0,,completed
555,82,2025-04-17,25740,0,,completed
556,54,2025-04-17,9878,0,,completed
557,66,2025-04-17,8980,0,,completed
558,99,2025-04-17,4960,0,,completed
559,90,2025-04-17,12584,0,,completed
560,116,2025-04-18,4980,0,,completed
561,76,2025-04-18,1280,0,,completed
562,19,2025-04-18,24450,0,,completed
563,153,2025-04-18,15004,0,,completed
564,14,2025-04-19,2728,0,,completed
565,105,2025-04-19,41340,0,,completed
566,14,2025-04-19,9306,0,,completed
567,170,2025-04-19,3760,0,,completed
568,53,2025-04-20,21150,0,,completed
569,165,2025-04-20,3660,0,,completed
570,48,2025-04-20,13960,0,,completed
571,120,2025-04-21,49980,0,,completed
572,89,2025-04-21,6960,0,,completed
573,142,2025-04-21,3278,0,,completed
574,138,2025-04-21,69420,0,,completed
575,174,2025-04-21,5434,0,,completed
576,45,2025-04-21,22350,0,,completed
577,52,2025-04-22,4480,0,,completed
578,67,2025-04-22,2816,0,,completed
579,100,2025-04-22,15004,0,,completed
580,4,2025-04-22,13134,0,,completed
581,108,2025-04-22,1408,0,,completed
582,28,2025-04-22,8980,0,,completed
583,89,2025-04-23,13460,0,,completed
584,10,2025-04-23,9878,0,,completed
585,104,2025-04-23,4480,0,,completed
586,156,2025-04-23,18634,0,,completed
587,96,2025-04-23,8980,0,,completed
588,80,2025-04-23,27510,0,,completed
589,187,2025-04-23,31590,0,,completed
590,80,2025-04-24,26040,0,,completed
591,117,2025-04-24,34500,0,,completed
592,102,2025-04-24,5980,0,,completed
593,126,2025-04-25,95640,0,,completed
594,200,2025-04-25,2480,0,,completed
595,166,2025-04-25,3278,0,,completed
596,132,2025-04-25,5980,0,,completed
597,34,2025-04-25,27600,0,,completed
598,182,2025-04-26,3360,0,,completed
599,65,2025-04-26,1680,0,,completed
600,78,2025-04-26,5760,0,,completed
601,2,2025-04-26,11960,0,,completed
602,77,2025-04-26,1680,0,,completed
603,17,2025-04-26,19756,0,,completed
604,67,2025-04-26,14784,0,,completed
605,133,2025-04-26,4980,0,,completed
606,104,2025-04-27,13960,0,,completed
607,67,2025-04-27,10406,0,,completed
608,182,2025-04-27,2480,0,,completed
609,176,2025-04-27,72570,0,,completed
610,144,2025-04-27,1280,0,,completed
611,57,2025-04-27,5460,0,,completed
612,85,2025-04-27,13460,0,,completed
613,119,2025-04-28,1680,0,,completed
614,14,2025-04-28,14784,0,,completed
615,19,2025-04-28,31800,0,,completed
616,105,2025-04-28,47130,0,,completed
617,195,2025-04-28,4928,0,,completed
618,126,2025-04-29,17850,0,,completed
619,123,2025-04-29,9960,0,,completed
620,137,2025-04-29,5478,0,,completed
621,83,2025-04-29,4980,0,,completed
622,2,2025-04-30,2480,0,,completed
623,178,2025-04-30,10960,0,,completed
624,27,2025-04-30,8206,0,,completed
625,79,2025-04-30,1280,0,,completed
626,12,2025-04-30,10660,0,,completed
627,187,2025-04-30,19920,0,,completed
628,187,2025-04-30,38040,0,,completed
629,32,2025-04-30,13960,0,,completed
630,160,2025-05-01,4928,0,,completed
631,13,2025-05-01,11814,0,,completed
632,98,2025-05-01,3278,0,,completed
633,65,2025-05-01,13960,0,,completed
634,108,2025-05-01,4994,0,,completed
635,131,2025-05-01,17310,0,,completed
636,51,2025-05-01,8980,0,,completed
637,52,2025-05-02,6960,0,,completed
638,141,2025-05-02,4576,0,,completed
639,61,2025-05-02,4980,0,,completed
640,172,2025-05-02,1408,0,,completed
641,147,2025-05-02,3260,0,,completed
642,200,2025-05-02,8980,0,,completed
643,165,2025-05-02,1680,0,,completed
644,68,2025-05-03,6260,0,,completed
645,45,2025-05-03,28860,0,,completed
646,195,2025-05-03,5478,0,,completed
647,36,2025-05-03,4480,0,,completed
648,160,2025-05-03,13156,0,,completed
649,117,2025-05-04,38790,0,,completed
650,27,2025-05-04,6776,0,,completed
651,146,2025-05-04,8954,0,,completed
652,98,2025-05-04,10406,0,,completed
653,176,2025-05-04,11400,0,,completed
654,17,2025-05-04,4136,0,,completed
655,170,2025-05-05,1680,0,,completed
656,89,2025-05-05,4960,0,,completed
657,157,2025-05-05,4980,0,,completed
658,165,2025-05-05,2980,0,,completed
659,121,2025-05-05,3586,0,,completed
660,193,2025-05-05,13960,0,,completed
661,58,2025-05-06,5984,0,,completed
662,114,2025-05-06,2960,0,,completed
663,115,2025-05-06,3256,0,,completed
664,191,2025-05-06,12364,0,,completed
665,24,2025-05-06,5960,0,,completed
666,53,2025-05-06,46080,0,,completed
667,25,2025-05-06,64290,0,,completed
668,28,2025-05-07,1980,0,,completed
669,127,2025-05-07,48600,0,,completed
670,31,2025-05-07,4160,0,,completed
671,49,2025-05-07,45630,0,,completed
672,2,2025-05-07,2980,0,,completed
673,111,2025-05-07,4960,0,,completed
674,178,2025-05-07,1280,0,,completed
675,100,2025-05-07,13134,0,,completed
676,156,2025-05-08,22484,0,,completed
677,116,2025-05-08,1980,0,,completed
678,106,2025-05-08,4160,0,,completed
679,52,2025-05-08,4480,0,,completed
680,183,2025-05-08,3960,0,,completed
681,129,2025-05-08,14564,0,,completed
682,4,2025-05-09,12364,0,,completed
683,52,2025-05-09,10960,0,,completed
684,175,2025-05-09,7656,0,,completed
685,177,2025-05-09,5460,0,,completed
686,9,2025-05-09,3256,0,,completed
687,158,2025-05-09,2980,0,,completed
688,131,2025-05-10,30690,0,,completed
689,163,2025-05-10,7460,0,,completed
690,190,2025-05-10,14454,0,,completed
691,46,2025-05-10,7440,0,,completed
692,72,2025-05-11,3960,0,,completed
693,150,2025-05-11,6960,0,,completed
694,11,2025-05-11,8980,0,,completed
695,126,2025-05-11,26370,0,,completed
696,140,2025-05-11,3760,0,,completed
697,170,2025-05-11,6960,0,,completed
698,122,2025-05-12,1280,0,,completed
699,172,2025-05-12,4576,0,,completed
700,165,2025-05-12,4980,0,,completed
701,175,2025-05-12,11286,0,,completed
702,7,2025-05-12,12254,0,,completed
703,76,2025-05-12,1280,0,,completed
704,43,2025-05-12,5980,0,,completed
705,162,2025-05-13,1280,0,,completed
706,53,2025-05-13,97770,0,,completed
707,19,2025-05-13,107790,0,,completed
708,31,2025-05-13,1280,0,,completed
709,194,2025-05-13,1680,0,,completed
710,129,2025-05-13,9878,0,,completed
711,176,2025-05-13,57510,0,,completed
712,57,2025-05-13,8980,0,,completed
713,37,2025-05-14,6660,0,,completed
714,142,2025-05-14,9064,0,,completed
715,2,2025-05-14,5960,0,,completed
716,22,2025-05-14,4160,0,,completed
717,55,2025-05-14,3960,0,,completed
718,48,2025-05-14,4480,0,,completed
719,65,2025-05-14,1280,0,,completed
720,47,2025-05-14,13684,0,,completed
721,166,2025-05-15,17864,0,2,completed
722,26,2025-05-15,1848,0,2,completed
723,92,2025-05-15,18000,0,2,completed
724,125,2025-05-15,10660,0,2,completed
725,81,2025-05-15,6960,0,2,completed
726,81,2025-05-15,2480,0,2,completed
727,190,2025-05-16,8954,0,2,completed
728,119,2025-05-16,7460,0,2,completed
729,28,2025-05-16,8980,0,2,completed
730,36,2025-05-16,8980,0,2,completed
731,188,2025-05-16,8980,0,2,completed
732,5,2025-05-16,4480,0,2,completed
733,149,2025-05-16,7656,0,2,completed
734,10,2025-05-16,16434,0,2,completed
735,168,2025-05-17,9878,0,2,completed
736,35,2025-05-17,5960,0,2,completed
737,24,2025-05-17,6960,0,2,completed
738,176,2025-05-17,15900,0,2,completed
739,145,2025-05-17,9504,0,2,completed
740,57,2025-05-17,3760,0,2,completed
741,95,2025-05-18,5478,0,2,completed
742,172,2025-05-18,3278,0,2,completed
743,93,2025-05-18,3360,0,2,completed
744,12,2025-05-18,8980,0,2,completed
745,190,2025-05-18,8206,0,2,completed
746,45,2025-05-19,56460,0,2,completed
747,2,2025-05-19,1680,0,2,completed
748,43,2025-05-19,1280,0,2,completed
749,132,2025-05-19,4460,0,2,completed
750,48,2025-05-19,1280,0,2,completed
751,170,2025-05-19,1280,0,2,completed
752,124,2025-05-19,4160,0,2,completed
753,42,2025-05-20,41040,0,2,completed
754,43,2025-05-20,4960,0,2,completed
755,104,2025-05-20,8980,0,2,completed
756,22,2025-05-20,1680,0,2,completed
757,156,2025-05-20,4026,0,2,completed
758,57,2025-05-20,6460,0,2,completed
759,150,2025-05-20,4480,0,2,completed
760,131,2025-05-21,43230,0,2,completed
761,99,2025-05-21,1280,0,2,completed
762,5,2025-05-21,2980,0,2,completed
763,130,2025-05-21,6460,0,2,completed
764,25,2025-05-21,27690,0,2,completed
765,193,2025-05-21,1280,0,2,completed
766,124,2025-05-21,4480,0,2,completed
767,139,2025-05-21,2980,0,2,completed
768,12,2025-05-22,4160,0,2,completed
769,197,2025-05-22,6336,0,2,completed
770,197,2025-05-22,1408,0,2,completed
771,73,2025-05-22,14234,0,2,completed
772,148,2025-05-22,2980,0,2,completed
773,97,2025-05-23,9284,0,,completed
774,167,2025-05-23,11960,0,,completed
775,109,2025-05-23,36810,0,,completed
776,144,2025-05-24,17960,0,,completed
777,148,2025-05-24,4460,0,,completed
778,115,2025-05-24,6314,0,,completed
779,131,2025-05-24,36240,0,,completed
780,68,2025-05-24,15980,0,,completed
781,186,2025-05-25,13960,0,,completed
782,199,2025-05-25,4980,0,,completed
783,52,2025-05-25,7460,0,,completed
784,131,2025-05-26,24660,0,,completed
785,23,2025-05-26,8756,0,,completed
786,189,2025-05-26,1280,0,,completed
787,141,2025-05-26,11726,0,,completed
788,58,2025-05-26,14454,0,,completed
789,45,2025-05-26,71730,0,,completed
790,178,2025-05-26,6960,0,,completed
791,118,2025-05-27,8734,0,,completed
792,67,2025-05-27,2728,0,,completed
793,174,2025-05-27,7854,0,,completed
794,138,2025-05-27,11280,0,,completed
795,173,2025-05-27,4260,0,,completed
796,46,2025-05-27,35790,0,,completed
797,159,2025-05-27,3260,0,,completed
798,31,2025-05-27,4480,0,,completed
799,2,2025-05-28,1680,0,,completed
800,96,2025-05-28,6160,0,,completed
801,71,2025-05-28,4960,0,,completed
802,72,2025-05-28,6960,0,,completed
803,33,2025-05-28,2980,0,,completed
804,109,2025-05-28,34050,0,,completed
805,81,2025-05-28,4980,0,,completed
806,54,2025-05-29,6336,0,,completed
807,84,2025-05-29,62760,0,,completed
808,157,2025-05-29,5460,0,,completed
809,108,2025-05-29,15004,0,,completed
810,47,2025-05-29,8514,0,,completed
811,185,2025-05-29,5460,0,,completed
812,111,2025-05-29,4460,0,,completed
813,190,2025-05-29,1848,0,,completed
814,46,2025-05-30,62850,0,,completed
815,26,2025-05-30,10384,0,,completed
816,66,2025-05-30,7660,0,,completed
817,144,2025-05-31,17260,0,,completed
818,90,2025-05-31,12584,0,,completed
819,148,2025-05-31,8980,0,,completed
820,91,2025-05-31,5760,0,,completed
821,98,2025-05-31,13904,0,,completed
822,87,2025-06-01,4260,0,,completed
823,21,2025-06-01,1680,0,,completed
824,168,2025-06-01,13156,0,,completed
825,114,2025-06-01,9460,0,,completed
826,33,2025-06-01,1280,0,,completed
827,54,2025-06-01,1408,0,,completed
828,122,2025-06-01,4980,0,,completed
829,198,2025-06-01,4686,0,,completed
830,68,2025-06-02,1280,0,,completed
831,168,2025-06-02,12606,0,,completed
832,64,2025-06-02,13904,0,,completed
833,9,2025-06-03,5544,0,,completed
834,139,2025-06-03,4660,0,,completed
835,35,2025-06-03,4480,0,,completed
836,117,2025-06-04,53700,0,,completed
837,106,2025-06-04,10960,0,,completed
838,3,2025-06-04,3278,0,,completed
839,195,2025-06-04,5478,0,,completed
840,177,2025-06-04,10660,0,,completed
841,3,2025-06-04,14806,0,,completed
842,60,2025-06-04,16380,0,,completed
843,112,2025-06-05,4460,0,,completed
844,184,2025-06-05,10260,0,,completed
845,73,2025-06-05,13464,0,,completed
846,35,2025-06-05,5760,0,,completed
847,70,2025-06-05,18460,0,,completed
848,13,2025-06-05,9064,0,,completed
849,73,2025-06-05,7656,0,,completed
850,24,2025-06-06,4980,0,,completed
851,127,2025-06-06,35940,0,,completed
852,21,2025-06-06,4980,0,,completed
853,69,2025-06-06,4260,0,,completed
854,47,2025-06-07,9878,0,,completed
855,98,2025-06-07,1408,0,,completed
856,197,2025-06-07,10384,0,,completed
857,189,2025-06-07,2480,0,,completed
858,118,2025-06-07,9614,0,,completed
859,100,2025-06-07,16764,0,,completed
860,124,2025-06-08,4960,0,,completed
861,29,2025-06-08,51720,0,,completed
862,63,2025-06-08,5478,0,,completed
863,149,2025-06-08,5104,0,,completed
864,64,2025-06-08,1848,0,,completed
865,176,2025-06-09,27420,0,,completed
866,188,2025-06-09,4980,0,,completed
867,177,2025-06-09,13960,0,,completed
868,181,2025-06-10,11960,0,,completed
869,139,2025-06-10,6960,0,,completed
870,48,2025-06-10,13460,0,,completed
871,142,2025-06-10,1408,0,,completed
872,136,2025-06-10,1680,0,,completed
873,76,2025-06-10,5960,0,,completed
874,48,2025-06-11,4480,0,,completed
875,94,2025-06-11,2980,0,,completed
876,49,2025-06-11,35160,0,,completed
877,46,2025-06-11,6240,0,,completed
878,26,2025-06-11,4928,0,,completed
879,165,2025-06-11,13960,0,,completed
880,94,2025-06-11,4480,0,,completed
881,184,2025-06-11,4980,0,,completed
882,168,2025-06-12,3256,0,,completed
883,164,2025-06-12,3278,0,,completed
884,95,2025-06-12,20284,0,,completed
885,136,2025-06-12,8980,0,,completed
886,20,2025-06-13,2980,0,,completed
887,25,2025-06-13,15630,0,,completed
888,169,2025-06-13,4480,0,,completed
889,161,2025-06-13,3278,0,,completed
890,192,2025-06-13,34860,0,,completed
891,114,2025-06-14,4660,0,,completed
892,186,2025-06-14,6960,0,,completed
893,145,2025-06-14,17534,0,,completed
894,102,2025-06-14,8980,0,,completed
895,73,2025-06-14,10934,0,,completed
896,78,2025-06-14,8980,0,,completed
897,57,2025-06-14,15980,0,,completed
898,71,2025-06-15,1280,0,,completed
899,10,2025-06-15,12606,0,,completed
900,60,2025-06-15,60570,0,,completed
901,124,2025-06-15,1680,0,,completed
902,177,2025-06-15,4480,0,,completed
903,165,2025-06-15,7960,0,,completed
904,21,2025-06-15,2980,0,,completed
905,107,2025-06-15,2480,0,,completed
906,168,2025-06-16,14234,0,,completed
907,79,2025-06-16,1980,0,,completed
908,84,2025-06-16,32070,0,,completed
909,130,2025-06-16,2480,0,,completed
910,111,2025-06-16,2960,0,,completed
911,122,2025-06-16,2980,0,,completed
912,103,2025-06-16,3260,0,,completed
913,196,2025-06-16,1848,0,,completed
914,51,2025-06-17,5460,0,,completed
915,158,2025-06-17,2480,0,,completed
916,19,2025-06-17,29340,0,,completed
917,44,2025-06-17,6160,0,,completed
918,160,2025-06-17,1848,0,,completed
919,12,2025-06-17,2480,0,,completed
920,176,2025-06-17,57180,0,,completed
921,88,2025-06-18,13134,0,,completed
922,121,2025-06-18,2728,0,,completed
923,53,2025-06-18,51420,0,,completed
924,135,2025-06-19,8980,0,,completed
925,44,2025-06-19,8980,0,,completed
926,52,2025-06-19,6660,0,,completed
927,168,2025-06-19,1408,0,,completed
928,100,2025-06-19,13134,0,,completed
929,5,2025-06-19,5960,0,,completed
930,182,2025-06-19,1280,0,,completed
931,48,2025-06-19,2980,0,,completed
932,144,2025-06-20,4980,0,,completed
933,64,2025-06-20,17534,0,,completed
934,89,2025-06-20,5460,0,,completed
935,71,2025-06-20,2980,0,,completed
936,8,2025-06-20,4460,0,,completed
937,88,2025-06-20,6556,0,,completed
938,157,2025-06-21,1980,0,,completed
939,110,2025-06-21,6460,0,,completed
940,53,2025-06-21,32040,0,,completed
941,198,2025-06-21,2178,0,,completed
942,82,2025-06-21,15930,0,,completed
943,187,2025-06-21,35880,0,,completed
944,191,2025-06-21,6314,0,,completed
945,48,2025-06-21,4480,0,,completed
946,69,2025-06-22,4480,0,,completed
947,60,2025-06-22,31320,0,,completed
948,183,2025-06-22,3960,0,,completed
949,42,2025-06-22,22380,0,,completed
950,17,2025-06-22,1848,0,,completed
951,158,2025-06-22,6960,0,,completed
952,110,2025-06-22,9460,0,,completed
953,98,2025-06-23,10164,0,,completed
954,116,2025-06-23,7460,0,,completed
955,133,2025-06-23,13960,0,,completed
956,49,2025-06-23,56910,0,,completed
957,133,2025-06-23,1680,0,,completed
958,166,2025-06-23,3586,0,,completed
959,200,2025-06-23,4480,0,,completed
960,7,2025-06-23,1848,0,,completed
961,183,2025-06-24,1680,0,,completed
962,24,2025-06-24,3260,0,,completed
963,30,2025-06-24,7304,0,,completed
964,97,2025-06-24,8184,0,,completed
965,42,2025-06-24,50790,0,,completed
966,187,2025-06-24,82230,0,,completed
967,118,2025-06-24,5126,0,,completed
968,156,2025-06-25,5456,0,,completed
969,151,2025-06-25,6660,0,,completed
970,63,2025-06-25,17534,0,,completed
971,48,2025-06-26,4980,0,,completed
972,168,2025-06-26,7656,0,,completed
973,9,2025-06-26,19734,0,,completed
974,23,2025-06-27,1408,0,,completed
975,107,2025-06-27,1980,0,,completed
976,173,2025-06-27,6460,0,,completed
977,117,2025-06-27,42720,0,,completed
978,75,2025-06-27,3260,0,,completed
979,71,2025-06-28,5460,0,,completed
980,157,2025-06-28,1280,0,,completed
981,147,2025-06-28,1680,0,,completed
982,186,2025-06-28,10660,0,,completed
983,135,2025-06-28,6460,0,,completed
984,145,2025-06-28,8206,0,,completed
985,47,2025-06-28,10934,0,,completed
986,31,2025-06-28,1680,0,,completed
987,31,2025-06-29,4480,0,,completed
988,107,2025-06-29,7460,0,,completed
989,3,2025-06-29,14014,0,,completed
990,77,2025-06-29,6260,0,,completed
991,176,2025-06-29,50760,0,,completed
992,35,2025-06-29,3660,0,,completed
993,119,2025-06-29,11960,0,,completed
994,77,2025-06-29,5960,0,,completed
995,54,2025-06-30,5434,0,,completed
996,72,2025-06-30,1980,0,,completed
997,147,2025-06-30,6460,0,,completed
998,193,2025-07-01,11168,2792,1,completed
999,106,2025-07-01,1344,336,1,completed
1000,61,2025-07-01,8528,2132,1,completed
1001,56,2025-07-01,2608,652,1,completed
1002,10,2025-07-02,1126,282,1,completed
1003,114,2025-07-02,1344,336,1,completed
1004,129,2025-07-02,2182,546,1,completed
1005,88,2025-07-02,9029,2257,1,completed
1006,133,2025-07-02,1984,496,1,completed
1007,186,2025-07-02,1344,336,1,completed
1008,183,2025-07-03,3984,996,1,completed
1009,80,2025-07-03,5088,1272,1,completed
1010,27,2025-07-03,16227,4057,1,completed
1011,164,2025-07-03,7902,1976,1,completed
1012,71,2025-07-03,2928,732,1,completed
1013,41,2025-07-03,5509,1377,1,completed
1014,160,2025-07-03,5931,1483,1,completed
1015,90,2025-07-04,14027,3507,1,completed
1016,44,2025-07-04,7184,1796,1,completed
1017,157,2025-07-04,3728,932,1,completed
1018,13,2025-07-04,4382,1096,1,completed
1019,121,2025-07-04,8571,2143,1,completed
1020,110,2025-07-04,5168,1292,1,completed
1021,158,2025-07-04,8208,2052,1,completed
1022,194,2025-07-04,5168,1292,1,completed
1023,179,2025-07-05,2605,651,1,completed
1024,80,2025-07-05,23808,5952,1,completed
1025,8,2025-07-05,1344,336,1,completed
1026,29,2025-07-05,18984,4746,1,completed
1027,28,2025-07-06,7168,1792,1,completed
1028,78,2025-07-06,5568,1392,1,completed
1029,63,2025-07-06,6283,1571,1,completed
1030,54,2025-07-06,10507,2627,1,completed
1031,88,2025-07-06,6195,1549,1,completed
1032,152,2025-07-06,46896,11724,1,completed
1033,84,2025-07-06,27696,6924,1,completed
1034,100,2025-07-06,7603,1901,1,completed
1035,53,2025-07-06,68136,17034,1,completed
1036,76,2025-07-07,3984,996,1,completed
1037,1,2025-07-07,8208,2052,1,completed
1038,8,2025-07-07,2384,596,1,completed
1039,161,2025-07-07,4365,1091,1,completed
1040,122,2025-07-07,1984,496,1,completed
1041,99,2025-07-08,3168,792,1,completed
1042,3,2025-07-08,5262,1316,1,completed
1043,185,2025-07-08,2608,652,1,completed
1044,36,2025-07-08,3728,932,1,completed
1045,160,2025-07-08,1478,370,1,completed
1046,131,2025-07-08,49584,12396,1,completed
1047,140,2025-07-08,7968,1992,1,completed
1048,146,2025-07-08,11845,2961,1,completed
1049,188,2025-07-09,3728,932,1,completed
1050,21,2025-07-09,1984,496,1,completed
1051,121,2025-07-09,12971,3243,1,completed
1052,14,2025-07-09,7005,1751,1,completed
1053,121,2025-07-09,4101,1025,1,completed
1054,147,2025-07-09,14368,3592,1,completed
1055,43,2025-07-09,7184,1796,1,completed
1056,187,2025-07-09,49032,12258,1,completed
1057,75,2025-07-09,7184,1796,1,completed
1058,22,2025-07-10,2384,596,1,completed
1059,20,2025-07-10,8768,2192,1,completed
1060,158,2025-07-10,14368,3592,1,completed
1061,4,2025-07-10,6811,1703,1,completed
1062,152,2025-07-10,23832,5958,1,completed
1063,22,2025-07-10,3584,896,1,completed
1064,40,2025-07-10,3568,892,1,completed
1065,148,2025-07-11,5008,1252,1,completed
1066,14,2025-07-11,1478,370,1,completed
1067,103,2025-07-11,8528,2132,1,completed
1068,192,2025-07-11,25080,6270,1,completed
1069,4,2025-07-11,5861,1465,1,completed
1070,137,2025-07-12,8043,2011,1,completed
1071,70,2025-07-12,8208,2052,1,completed
1072,168,2025-07-12,6987,1747,1,completed
1073,87,2025-07-12,3984,996,1,completed
1074,4,2025-07-13,3749,937,1,completed
1075,27,2025-07-13,17283,4321,1,completed
1076,50,2025-07-13,4382,1096,1,completed
1077,159,2025-07-13,3984,996,1,completed
1078,169,2025-07-14,3584,896,1,completed
1079,164,2025-07-14,1126,282,1,completed
1080,155,2025-07-14,1584,396,1,completed
1081,29,2025-07-14,32208,8052,1,completed
1082,117,2025-07-14,29136,7284,1,completed
1083,68,2025-07-14,1344,336,1,completed
1084,18,2025-07-14,6125,1531,1,completed
1085,101,2025-07-14,16176,4044,1,completed
1086,147,2025-07-15,5328,1332,1,completed
1087,128,2025-07-15,3984,996,1,completed
1088,171,2025-07-15,8768,2192,1,completed
1089,180,2025-07-15,4928,1232,1,completed
1090,104,2025-07-16,2384,596,1,completed
1091,58,2025-07-16,3942,986,1,completed
1092,32,2025-07-16,6368,1592,1,completed
1093,162,2025-07-16,1344,336,1,completed
1094,21,2025-07-16,11168,2792,1,completed
1095,99,2025-07-16,7184,1796,1,completed
1096,179,2025-07-16,5069,1267,1,completed
1097,162,2025-07-17,5968,1492,1,completed
1098,7,2025-07-17,7603,1901,1,completed
1099,100,2025-07-17,2622,656,1,completed
1100,165,2025-07-17,3728,932,1,completed
1101,5,2025-07-18,12784,3196,1,completed
1102,185,2025-07-18,3584,896,1,completed
1103,174,2025-07-18,7251,1813,1,completed
1104,189,2025-07-18,1344,336,1,completed
1105,168,2025-07-18,1478,370,1,completed
1106,159,2025-07-18,1984,496,1,completed
1107,180,2025-07-18,3984,996,1,completed
1108,162,2025-07-19,7184,1796,1,completed
1109,25,2025-07-19,23712,5928,1,completed
1110,17,2025-07-19,2622,656,1,completed
1111,84,2025-07-19,7728,1932,1,completed
1112,152,2025-07-19,50232,12558,1,completed
1113,142,2025-07-20,1478,370,1,completed
1114,63,2025-07-20,7251,1813,1,completed
1115,162,2025-07-20,5568,1392,1,completed
1116,125,2025-07-20,3984,996,1,completed
1117,2,2025-07-20,1024,256,1,completed
1118,181,2025-07-20,5168,1292,1,completed
1119,70,2025-07-21,5168,1292,1,completed
1120,178,2025-07-21,3584,896,1,completed
1121,47,2025-07-21,6547,1637,1,completed
1122,161,2025-07-21,4365,1091,1,completed
1123,31,2025-07-21,3584,896,1,completed
1124,93,2025-07-21,1344,336,1,completed
1125,198,2025-07-21,7691,1923,1,completed
1126,39,2025-07-21,2928,732,1,completed
1127,41,2025-07-21,10947,2737,1,completed
1128,65,2025-07-22,4928,1232,1,completed
1129,12,2025-07-22,7184,1796,1,completed
1130,138,2025-07-22,9960,2490,1,completed
1131,61,2025-07-22,7168,1792,1,completed
1132,84,2025-07-22,27480,6870,1,completed
1133,150,2025-07-22,7568,1892,1,completed
1134,46,2025-07-22,31104,7776,1,completed
1135,108,2025-07-23,7902,1976,1,completed
1136,155,2025-07-23,1584,396,1,completed
1137,148,2025-07-23,1024,256,1,completed
1138,106,2025-07-23,5568,1392,1,completed
1139,122,2025-07-23,11168,2792,1,completed
1140,187,2025-07-23,37056,9264,1,completed
1141,197,2025-07-23,12267,3067,1,completed
1142,62,2025-07-24,2384,596,1,completed
1143,193,2025-07-24,1984,496,1,completed
1144,34,2025-07-24,49608,12402,1,completed
1145,198,2025-07-24,1478,370,1,completed
1146,161,2025-07-24,2605,651,1,completed
1147,136,2025-07-24,7184,1796,1,completed
1148,110,2025-07-24,6768,1692,1,completed
1149,189,2025-07-25,2384,596,1,completed
1150,173,2025-07-25,5008,1252,1,completed
1151,99,2025-07-25,4928,1232,1,completed
1152,11,2025-07-25,3408,852,1,completed
1153,182,2025-07-25,1584,396,1,completed
1154,86,2025-07-25,2622,656,1,completed
1155,167,2025-07-26,3328,832,1,completed
1156,91,2025-07-26,6368,1592,1,completed
1157,17,2025-07-26,2605,651,1,completed
1158,182,2025-07-26,4928,1232,1,completed
1159,173,2025-07-27,1984,496,1,completed
1160,118,2025-07-27,1126,282,1,completed
1161,101,2025-07-27,23088,5772,1,completed
1162,179,2025-07-27,1478,370,1,completed
1163,39,2025-07-27,2384,596,1,completed
1164,161,2025-07-27,7902,1976,1,completed
1165,175,2025-07-28,7603,1901,1,completed
1166,75,2025-07-28,1024,256,1,completed
1167,6,2025-07-28,2622,656,1,completed
1168,166,2025-07-28,2957,739,1,completed
1169,152,2025-07-28,34992,8748,1,completed
1170,74,2025-07-28,1584,396,1,completed
1171,91,2025-07-28,2928,732,1,completed
1172,42,2025-07-29,19680,4920,1,completed
1173,148,2025-07-29,1344,336,1,completed
1174,67,2025-07-29,3925,981,1,completed
1175,144,2025-07-29,1344,336,1,completed
1176,38,2025-07-29,3728,932,1,completed
1177,42,2025-07-29,44664,11166,1,completed
1178,171,2025-07-29,3584,896,1,completed
1179,187,2025-07-29,32808,8202,1,completed
1180,24,2025-07-30,7568,1892,1,completed
1181,165,2025-07-30,3584,896,1,completed
1182,135,2025-07-30,7184,1796,1,completed
1183,51,2025-07-30,1024,256,1,completed
1184,138,2025-07-30,51864,12966,1,completed
1185,99,2025-07-30,11168,2792,1,completed
1186,90,2025-07-31,4101,1025,1,completed
1187,23,2025-07-31,2622,656,1,completed
1188,114,2025-07-31,3968,992,1,completed
1189,187,2025-07-31,43584,10896,1,completed
1190,17,2025-07-31,14907,3727,1,completed
1191,182,2025-07-31,1984,496,1,completed
1192,98,2025-08-01,5126,0,,completed
1193,11,2025-08-01,13460,0,,completed
1194,127,2025-08-01,71790,0,,completed
1195,46,2025-08-01,80490,0,,completed
1196,96,2025-08-02,8980,0,,completed
1197,42,2025-08-02,13500,0,,completed
1198,35,2025-08-02,6960,0,,completed
1199,93,2025-08-03,6660,0,,completed
1200,75,2025-08-03,5460,0,,completed
1201,197,2025-08-03,8514,0,,completed
1202,193,2025-08-03,2980,0,,completed
1203,83,2025-08-03,10660,0,,completed
1204,137,2025-08-04,10934,0,,completed
1205,73,2025-08-04,4026,0,,completed
1206,27,2025-08-04,2178,0,,completed
1207,57,2025-08-05,2980,0,,completed
1208,158,2025-08-05,1280,0,,completed
1209,30,2025-08-05,5478,0,,completed
1210,123,2025-08-05,13460,0,,completed
1211,153,2025-08-05,18084,0,,completed
1212,33,2025-08-05,1980,0,,completed
1213,54,2025-08-05,1408,0,,completed
1214,177,2025-08-06,1280,0,,completed
1215,5,2025-08-06,4760,0,,completed
1216,9,2025-08-06,13684,0,,completed
1217,121,2025-08-06,9878,0,,completed
1218,12,2025-08-06,8980,0,,completed
1219,171,2025-08-06,1280,0,,completed
1220,155,2025-08-07,4480,0,,completed
1221,52,2025-08-07,1280,0,,completed
1222,38,2025-08-07,6960,0,,completed
1223,146,2025-08-08,1408,0,,completed
1224,149,2025-08-08,3278,0,,completed
1225,56,2025-08-08,8980,0,,completed
1226,44,2025-08-08,8980,0,,completed
1227,55,2025-08-08,3660,0,,completed
1228,173,2025-08-08,1980,0,,completed
1229,91,2025-08-08,4160,0,,completed
1230,120,2025-08-09,9510,0,,completed
1231,181,2025-08-09,11960,0,,completed
1232,84,2025-08-09,93870,0,,completed
1233,105,2025-08-10,37650,0,,completed
1234,113,2025-08-10,4994,0,,completed
1235,190,2025-08-10,1408,0,,completed
1236,94,2025-08-10,2980,0,,completed
1237,32,2025-08-10,8980,0,,completed
1238,196,2025-08-10,19734,0,,completed
1239,194,2025-08-10,4660,0,,completed
1240,72,2025-08-11,1680,0,,completed
1241,28,2025-08-11,8980,0,,completed
1242,126,2025-08-11,34920,0,,completed
1243,7,2025-08-11,1848,0,,completed
1244,40,2025-08-11,8960,0,,completed
1245,25,2025-08-11,20880,0,,completed
1246,170,2025-08-11,4660,0,,completed
1247,139,2025-08-12,5960,0,,completed
1248,5,2025-08-12,1280,0,,completed
1249,99,2025-08-12,6160,0,,completed
1250,10,2025-08-12,2178,0,,completed
1251,143,2025-08-12,4960,0,,completed
1252,184,2025-08-13,2960,0,,completed
1253,146,2025-08-13,8624,0,,completed
1254,144,2025-08-13,2980,0,,completed
1255,15,2025-08-13,10660,0,,completed
1256,152,2025-08-13,67230,0,,completed
1257,190,2025-08-14,8734,0,,completed
1258,106,2025-08-14,7460,0,,completed
1259,166,2025-08-14,6336,0,,completed
1260,177,2025-08-14,8980,0,,completed
1261,30,2025-08-14,7656,0,,completed
1262,84,2025-08-15,16500,0,,completed
1263,6,2025-08-15,12254,0,,completed
1264,82,2025-08-15,65550,0,,completed
1265,112,2025-08-15,1680,0,,completed
1266,163,2025-08-15,2980,0,,completed
1267,55,2025-08-15,13960,0,,completed
1268,77,2025-08-15,6960,0,,completed
1269,24,2025-08-16,4480,0,,completed
1270,87,2025-08-16,5760,0,,completed
1271,136,2025-08-16,10260,0,,completed
1272,111,2025-08-16,6960,0,,completed
1273,172,2025-08-16,9834,0,,completed
1274,148,2025-08-16,6960,0,,completed
1275,69,2025-08-16,6960,0,,completed
1276,94,2025-08-16,4460,0,,completed
1277,192,2025-08-17,47580,0,,completed
1278,62,2025-08-17,1980,0,,completed
1279,50,2025-08-17,2728,0,,completed
1280,80,2025-08-17,50880,0,,completed
1281,141,2025-08-18,4928,0,,completed
1282,6,2025-08-18,1408,0,,completed
1283,81,2025-08-18,2560,0,,completed
1284,102,2025-08-18,2480,0,,completed
1285,29,2025-08-18,33570,0,,completed
1286,65,2025-08-18,3760,0,,completed
1287,154,2025-08-18,3278,0,,completed
1288,192,2025-08-18,14400,0,,completed
1289,151,2025-08-19,1680,0,,completed
1290,137,2025-08-19,5126,0,,completed
1291,109,2025-08-19,70050,0,,completed
1292,172,2025-08-19,9878,0,,completed
1293,142,2025-08-19,11726,0,,completed
1294,32,2025-08-20,1680,0,,completed
1295,100,2025-08-20,9878,0,,completed
1296,78,2025-08-20,2480,0,,completed
1297,77,2025-08-20,1980,0,,completed
1298,113,2025-08-20,18634,0,,completed
1299,21,2025-08-20,3360,0,,completed
1300,184,2025-08-20,3260,0,,completed
1301,179,2025-08-20,4686,0,,completed
1302,108,2025-08-21,13574,0,,completed
1303,14,2025-08-21,10934,0,,completed
1304,161,2025-08-21,3586,0,,completed
1305,64,2025-08-21,8954,0,,completed
1306,116,2025-08-21,3660,0,,completed
1307,51,2025-08-22,2980,0,,completed
1308,97,2025-08-22,13684,0,,completed
1309,143,2025-08-22,1280,0,,completed
1310,119,2025-08-22,8980,0,,completed
1311,180,2025-08-22,4980,0,,completed
1312,159,2025-08-23,13460,0,,completed
1313,39,2025-08-23,1280,0,,completed
1314,4,2025-08-23,10934,0,,completed
1315,183,2025-08-23,2480,0,,completed
1316,69,2025-08-23,4460,0,,completed
1317,73,2025-08-23,17534,0,,completed
1318,61,2025-08-24,6960,0,,completed
1319,22,2025-08-24,1680,0,,completed
1320,35,2025-08-24,5460,0,,completed
1321,189,2025-08-24,2560,0,,completed
1322,143,2025-08-24,4980,0,,completed
1323,61,2025-08-25,9960,0,,completed
1324,65,2025-08-25,10960,0,,completed
1325,144,2025-08-25,4480,0,,completed
1326,46,2025-08-25,20310,0,,completed
1327,182,2025-08-25,10960,0,,completed
1328,81,2025-08-26,1980,0,,completed
1329,128,2025-08-26,11960,0,,completed
1330,68,2025-08-26,4960,0,,completed
1331,189,2025-08-27,4960,0,,completed
1332,169,2025-08-27,7460,0,,completed
1333,39,2025-08-27,2480,0,,completed
1334,47,2025-08-27,1848,0,,completed
1335,67,2025-08-27,1408,0,,completed
1336,11,2025-08-28,6160,0,,completed
1337,127,2025-08-28,5760,0,,completed
1338,73,2025-08-28,2178,0,,completed
1339,192,2025-08-28,47010,0,,completed
1340,47,2025-08-28,4136,0,,completed
1341,197,2025-08-28,24156,0,,completed
1342,175,2025-08-29,1408,0,,completed
1343,83,2025-08-29,4980,0,,completed
1344,21,2025-08-29,9460,0,,completed
1345,85,2025-08-29,4480,0,,completed
1346,84,2025-08-29,31890,0,,completed
1347,155,2025-08-29,3760,0,,completed
1348,198,2025-08-29,6886,0,,completed
1349,54,2025-08-29,9878,0,,completed
1350,193,2025-08-30,1280,0,,completed
1351,77,2025-08-30,10660,0,,completed
1352,171,2025-08-30,4480,0,,completed
1353,115,2025-08-30,11726,0,,completed
1354,145,2025-08-30,7414,0,,completed
1355,11,2025-08-30,3660,0,,completed
1356,127,2025-08-30,37380,0,,completed
1357,77,2025-08-30,1980,0,,completed
1358,77,2025-08-31,2980,0,,completed
1359,110,2025-08-31,9460,0,,completed
1360,142,2025-08-31,5478,0,,completed
1361,132,2025-08-31,2980,0,,completed
1362,109,2025-08-31,84420,0,,completed
1363,190,2025-08-31,6204,0,,completed
1364,101,2025-08-31,24000,0,,completed
1365,116,2025-08-31,4460,0,,completed
1366,21,2025-09-01,9960,0,,completed
1367,102,2025-09-01,4980,0,,completed
1368,44,2025-09-01,6160,0,,completed
1369,78,2025-09-01,11960,0,,completed
1370,33,2025-09-02,4980,0,,completed
1371,49,2025-09-02,26130,0,,completed
1372,54,2025-09-02,5456,0,,completed
1373,78,2025-09-03,3660,0,,completed
1374,109,2025-09-03,10830,0,,completed
1375,180,2025-09-03,3360,0,,completed
1376,116,2025-09-04,2480,0,,completed
1377,76,2025-09-04,20960,0,,completed
1378,162,2025-09-04,13960,0,,completed
1379,103,2025-09-05,7460,0,,completed
1380,186,2025-09-05,11460,0,,completed
1381,5,2025-09-05,13460,0,,completed
1382,166,2025-09-05,3256,0,,completed
1383,127,2025-09-05,34200,0,,completed
1384,57,2025-09-05,6460,0,,completed
1385,186,2025-09-06,3360,0,,completed
1386,42,2025-09-06,70320,0,,completed
1387,52,2025-09-06,4480,0,,completed
1388,126,2025-09-06,17160,0,,completed
1389,143,2025-09-06,4980,0,,completed
1390,67,2025-09-07,6886,0,,completed
1391,87,2025-09-07,5760,0,,completed
1392,59,2025-09-07,2980,0,,completed
1393,58,2025-09-07,15356,0,,completed
1394,198,2025-09-07,13464,0,,completed
1395,13,2025-09-08,3256,0,,completed
1396,28,2025-09-08,2980,0,,completed
1397,11,2025-09-08,1980,0,,completed
1398,162,2025-09-08,2480,0,,completed
1399,93,2025-09-08,4480,0,,completed
1400,196,2025-09-08,6204,0,,completed
1401,32,2025-09-08,1680,0,,completed
1402,107,2025-09-08,2480,0,,completed
1403,88,2025-09-09,5456,0,,completed
1404,22,2025-09-09,5460,0,,completed
1405,39,2025-09-09,4460,0,,completed
1406,110,2025-09-09,6660,0,,completed
1407,114,2025-09-09,4980,0,,completed
1408,184,2025-09-09,1280,0,,completed
1409,81,2025-09-10,5460,0,,completed
1410,195,2025-09-10,2178,0,,completed
1411,148,2025-09-10,8980,0,,completed
1412,108,2025-09-10,11726,0,,completed
1413,3,2025-09-10,8206,0,,completed
1414,180,2025-09-11,6160,0,,completed
1415,179,2025-09-11,12606,0,,completed
1416,22,2025-09-11,2980,0,,completed
1417,86,2025-09-11,5456,0,,completed
1418,73,2025-09-12,1408,0,,completed
1419,131,2025-09-12,52230,0,,completed
1420,186,2025-09-12,4260,0,,completed
1421,188,2025-09-12,1680,0,,completed
1422,32,2025-09-12,4480,0,,completed
1423,77,2025-09-12,1680,0,,completed
1424,87,2025-09-12,2480,0,,completed
1425,77,2025-09-13,4460,0,,completed
1426,27,2025-09-13,8206,0,,completed
1427,50,2025-09-13,3256,0,,completed
1428,38,2025-09-13,8460,0,,completed
1429,109,2025-09-13,18450,0,,completed
1430,133,2025-09-14,13460,0,,completed
1431,128,2025-09-14,6160,0,,completed
1432,188,2025-09-14,3960,0,,completed
1433,130,2025-09-14,1680,0,,completed
1434,183,2025-09-14,3260,0,,completed
1435,178,2025-09-14,1680,0,,completed
1436,122,2025-09-14,1680,0,,completed
1437,155,2025-09-15,2560,0,,completed
1438,95,2025-09-15,18634,0,,completed
1439,40,2025-09-15,1680,0,,completed
1440,76,2025-09-16,6960,0,,completed
1441,37,2025-09-16,13960,0,,completed
1442,73,2025-09-16,2178,0,,completed
1443,190,2025-09-16,6886,0,,completed
1444,141,2025-09-16,6886,0,,completed
1445,124,2025-09-17,6160,0,,completed
1446,87,2025-09-17,3660,0,,completed
1447,196,2025-09-17,3278,0,,completed
1448,163,2025-09-17,3360,0,,completed
1449,23,2025-09-17,11484,0,,completed
1450,172,2025-09-17,3586,0,,completed
1451,7,2025-09-18,14564,0,,completed
1452,50,2025-09-18,13684,0,,completed
1453,146,2025-09-18,7854,0,,completed
1454,5,2025-09-18,1980,0,,completed
1455,5,2025-09-18,4960,0,,completed
1456,181,2025-09-18,4260,0,,completed
1457,156,2025-09-18,10406,0,,completed
1458,88,2025-09-18,6006,0,,completed
1459,82,2025-09-19,39270,0,,completed
1460,197,2025-09-19,2178,0,,completed
1461,79,2025-09-19,3660,0,,completed
1462,7,2025-09-19,19184,0,,completed
1463,37,2025-09-19,6260,0,,completed
1464,52,2025-09-19,4480,0,,completed
1465,151,2025-09-19,1680,0,,completed
1466,193,2025-09-20,10260,0,,completed
1467,16,2025-09-20,5126,0,,completed
1468,105,2025-09-20,17460,0,,completed
1469,142,2025-09-20,16984,0,,completed
1470,105,2025-09-20,31800,0,,completed
1471,109,2025-09-20,73350,0,,completed
1472,70,2025-09-20,10660,0,,completed
1473,42,2025-09-21,22380,0,,completed
1474,143,2025-09-21,10660,0,,completed
1475,193,2025-09-21,11460,0,,completed
1476,83,2025-09-22,4160,0,,completed
1477,154,2025-09-22,10956,0,,completed
1478,156,2025-09-22,10956,0,,completed
1479,173,2025-09-22,4480,0,,completed
1480,196,2025-09-22,4686,0,,completed
1481,167,2025-09-22,2980,0,,completed
1482,8,2025-09-22,7460,0,,completed
1483,92,2025-09-22,36330,0,,completed
1484,6,2025-09-23,4576,0,,completed
1485,24,2025-09-23,20460,0,,completed
1486,127,2025-09-23,56820,0,,completed
1487,44,2025-09-23,1980,0,,completed
1488,17,2025-09-23,21934,0,,completed
1489,146,2025-09-23,3278,0,,completed
1490,187,2025-09-23,82920,0,,completed
1491,1,2025-09-23,7960,0,,completed
1492,32,2025-09-24,6660,0,,completed
1493,185,2025-09-24,4980,0,,completed
1494,72,2025-09-24,4660,0,,completed
1495,81,2025-09-24,1280,0,,completed
1496,147,2025-09-24,2980,0,,completed
1497,64,2025-09-25,2178,0,,completed
1498,85,2025-09-25,6260,0,,completed
1499,123,2025-09-25,9460,0,,completed
1500,86,2025-09-26,4136,0,,completed
1501,122,2025-09-26,1680,0,,completed
1502,134,2025-09-26,1280,0,,completed
1503,199,2025-09-26,2560,0,,completed
1504,22,2025-09-26,4980,0,,completed
1505,97,2025-09-26,12056,0,,completed
1506,16,2025-09-26,15356,0,,completed
1507,157,2025-09-26,2560,0,,completed
1508,15,2025-09-27,8980,0,,completed
1509,98,2025-09-27,6336,0,,completed
1510,193,2025-09-27,6960,0,,completed
1511,169,2025-09-27,1680,0,,completed
1512,99,2025-09-27,6260,0,,completed
1513,117,2025-09-27,44520,0,,completed
1514,147,2025-09-27,1680,0,,completed
1515,108,2025-09-27,4906,0,,completed
1516,12,2025-09-28,1980,0,,completed
1517,80,2025-09-28,61800,0,,completed
1518,3,2025-09-28,13134,0,,completed
1519,130,2025-09-28,2480,0,,completed
1520,52,2025-09-29,4480,0,,completed
1521,178,2025-09-29,6160,0,,completed
1522,158,2025-09-29,2960,0,,completed
1523,11,2025-09-29,7460,0,,completed
1524,164,2025-09-29,2728,0,,completed
1525,62,2025-09-29,4660,0,,completed
1526,48,2025-09-29,15980,0,,completed
1527,92,2025-09-29,10410,0,,completed
1528,50,2025-09-30,27984,0,,completed
1529,51,2025-09-30,8980,0,,completed
1530,45,2025-09-30,50820,0,,completed
1531,46,2025-09-30,43350,0,,completed
1532,36,2025-09-30,10260,0,,completed
1533,117,2025-09-30,35820,0,,completed
1534,49,2025-10-01,107790,0,,completed
1535,110,2025-10-01,4980,0,,completed
1536,196,2025-10-01,10934,0,,completed
1537,76,2025-10-01,15980,0,,completed
1538,64,2025-10-01,6578,0,,completed
1539,72,2025-10-01,2980,0,,completed
1540,150,2025-10-01,11460,0,,completed
1541,121,2025-10-02,8514,0,,completed
1542,131,2025-10-02,116670,0,,completed
1543,135,2025-10-02,10660,0,,completed
1544,122,2025-10-02,7960,0,,completed
1545,164,2025-10-02,14784,0,,completed
1546,57,2025-10-02,1680,0,,completed
1547,102,2025-10-03,8980,0,,completed
1548,109,2025-10-03,89040,0,,completed
1549,133,2025-10-03,6960,0,,completed
1550,11,2025-10-03,7460,0,,completed
1551,87,2025-10-03,3360,0,,completed
1552,111,2025-10-03,17660,0,,completed
1553,82,2025-10-03,27570,0,,completed
1554,22,2025-10-04,5960,0,,completed
1555,140,2025-10-04,8980,0,,completed
1556,59,2025-10-04,1280,0,,completed
1557,19,2025-10-04,88950,0,,completed
1558,78,2025-10-04,11460,0,,completed
1559,155,2025-10-04,8980,0,,completed
1560,190,2025-10-04,25234,0,,completed
1561,73,2025-10-04,7656,0,,completed
1562,194,2025-10-05,1680,0,,completed
1563,168,2025-10-05,8734,0,,completed
1564,59,2025-10-05,1680,0,,completed
1565,60,2025-10-05,95760,0,,completed
1566,113,2025-10-05,8756,0,,completed
1567,96,2025-10-05,4480,0,,completed
1568,33,2025-10-05,13960,0,,completed
1569,128,2025-10-05,18460,0,,completed
1570,108,2025-10-05,10406,0,,completed
1571,196,2025-10-05,30734,0,,completed
1572,6,2025-10-06,9834,0,,completed
1573,85,2025-10-06,5960,0,,completed
1574,101,2025-10-06,16380,0,,completed
1575,28,2025-10-06,6160,0,,completed
1576,164,2025-10-06,3586,0,,completed
1577,27,2025-10-06,10934,0,,completed
1578,177,2025-10-06,6960,0,,completed
1579,51,2025-10-06,3480,0,,completed
1580,73,2025-10-06,2728,0,,completed
1581,75,2025-10-06,1680,0,,completed
1582,95,2025-10-07,25234,0,,completed
1583,106,2025-10-07,3260,0,,completed
1584,34,2025-10-07,38220,0,,completed
1585,171,2025-10-07,6460,0,,completed
1586,148,2025-10-07,6960,0,,completed
1587,129,2025-10-07,18304,0,,completed
1588,2,2025-10-08,1680,0,,completed
1589,17,2025-10-08,7656,0,,completed
1590,135,2025-10-08,6160,0,,completed
1591,118,2025-10-08,10406,0,,completed
1592,189,2025-10-08,8980,0,,completed
1593,166,2025-10-08,27456,0,,completed
1594,183,2025-10-08,7960,0,,completed
1595,107,2025-10-09,1980,0,,completed
1596,159,2025-10-09,5160,0,,completed
1597,169,2025-10-09,8980,0,,completed
1598,146,2025-10-09,3828,0,,completed
1599,179,2025-10-09,2728,0,,completed
1600,41,2025-10-09,9856,0,,completed
1601,75,2025-10-09,8980,0,,completed
1602,185,2025-10-10,1680,0,,completed
1603,106,2025-10-10,15980,0,,completed
1604,20,2025-10-10,2980,0,,completed
1605,197,2025-10-10,5676,0,,completed
1606,43,2025-10-10,5460,0,,completed
1607,12,2025-10-10,6260,0,,completed
1608,164,2025-10-10,18304,0,,completed
1609,98,2025-10-10,13706,0,,completed
1610,50,2025-10-10,10956,0,,completed
1611,65,2025-10-10,8980,0,,completed
1612,35,2025-10-10,14960,0,,completed
1613,125,2025-10-11,2560,0,,completed
1614,141,2025-10-11,14454,0,,completed
1615,36,2025-10-11,10960,0,,completed
1616,44,2025-10-11,4480,0,,completed
1617,26,2025-10-11,9878,0,,completed
1618,32,2025-10-11,3260,0,,completed
1619,172,2025-10-11,6578,0,,completed
1620,70,2025-10-11,1680,0,,completed
1621,92,2025-10-11,38040,0,,completed
1622,179,2025-10-12,6578,0,,completed
1623,134,2025-10-12,3480,0,,completed
1624,177,2025-10-12,6660,0,,completed
1625,154,2025-10-12,5478,0,,completed
1626,198,2025-10-12,5456,0,,completed
1627,96,2025-10-12,2480,0,,completed
1628,24,2025-10-12,3480,0,,completed
1629,8,2025-10-12,15980,0,,completed
1630,50,2025-10-12,10714,0,,completed
1631,171,2025-10-13,8980,0,,completed
1632,43,2025-10-13,3480,0,,completed
1633,132,2025-10-13,15980,0,,completed
1634,83,2025-10-13,4480,0,,completed
1635,54,2025-10-13,9064,0,,completed
1636,60,2025-10-13,42750,0,,completed
1637,81,2025-10-14,3480,0,,completed
1638,55,2025-10-14,3760,0,,completed
1639,169,2025-10-14,10460,0,,completed
1640,95,2025-10-14,1408,0,,completed
1641,56,2025-10-14,13460,0,,completed
1642,128,2025-10-14,8980,0,,completed
1643,138,2025-10-14,53820,0,,completed
1644,100,2025-10-14,29634,0,,completed
1645,45,2025-10-14,57630,0,,completed
1646,98,2025-10-14,19184,0,,completed
1647,129,2025-10-14,18084,0,,completed
1648,158,2025-10-15,8980,0,,completed
1649,61,2025-10-15,6960,0,,completed
1650,21,2025-10-15,1980,0,,completed
1651,96,2025-10-15,11460,0,,completed
1652,39,2025-10-15,8460,0,,completed
1653,10,2025-10-15,9878,0,,completed
1654,114,2025-10-16,10960,0,,completed
1655,82,2025-10-16,26880,0,,completed
1656,193,2025-10-16,2480,0,,completed
1657,188,2025-10-16,18460,0,,completed
1658,53,2025-10-16,35880,0,,completed
1659,185,2025-10-16,4480,0,,completed
1660,98,2025-10-16,21604,0,,completed
1661,162,2025-10-16,1280,0,,completed
1662,126,2025-10-16,12690,0,,completed
1663,53,2025-10-16,25800,0,,completed
1664,21,2025-10-17,10660,0,,completed
1665,80,2025-10-17,29820,0,,completed
1666,64,2025-10-17,14806,0,,completed
1667,115,2025-10-17,14454,0,,completed
1668,21,2025-10-17,6960,0,,completed
1669,43,2025-10-17,5160,0,,completed
1670,130,2025-10-17,3660,0,,completed
1671,6,2025-10-17,5236,0,,completed
1672,195,2025-10-17,8206,0,,completed
1673,40,2025-10-17,8980,0,,completed
1674,119,2025-10-18,10660,0,,completed
1675,97,2025-10-18,8184,0,,completed
1676,86,2025-10-18,9878,0,,completed
1677,121,2025-10-18,2178,0,,completed
1678,49,2025-10-18,62820,0,,completed
1679,96,2025-10-18,6960,0,,completed
1680,102,2025-10-18,5160,0,,completed
1681,79,2025-10-18,3480,0,,completed
1682,10,2025-10-18,3828,0,,completed
1683,42,2025-10-19,50790,0,,completed
1684,126,2025-10-19,50790,0,,completed
1685,123,2025-10-19,15980,0,,completed
1686,162,2025-10-19,8980,0,,completed
1687,171,2025-10-19,8980,0,,completed
1688,155,2025-10-19,7960,0,,completed
1689,66,2025-10-19,4480,0,,completed
1690,149,2025-10-19,9064,0,,completed
1691,198,2025-10-19,6578,0,,completed
1692,183,2025-10-19,12460,0,,completed
1693,21,2025-10-20,3480,0,,completed
1694,43,2025-10-20,17960,0,,completed
1695,78,2025-10-20,13460,0,,completed
1696,188,2025-10-20,10260,0,,completed
1697,28,2025-10-20,10960,0,,completed
1698,192,2025-10-20,61350,0,,completed
1699,126,2025-10-20,28860,0,,completed
1700,135,2025-10-20,14960,0,,completed
1701,188,2025-10-20,3960,0,,completed
1702,96,2025-10-20,8980,0,,completed
1703,51,2025-10-21,4960,0,,completed
1704,29,2025-10-21,62010,0,,completed
1705,113,2025-10-21,12914,0,,completed
1706,43,2025-10-21,8980,0,,completed
1707,22,2025-10-21,10260,0,,completed
1708,17,2025-10-21,10406,0,,completed
1709,61,2025-10-21,7660,0,,completed
1710,3,2025-10-22,9878,0,,completed
1711,193,2025-10-22,5980,0,,completed
1712,150,2025-10-22,1280,0,,completed
1713,55,2025-10-22,3480,0,,completed
1714,155,2025-10-22,3360,0,,completed
1715,194,2025-10-22,7960,0,,completed
1716,95,2025-10-23,37884,0,,completed
1717,93,2025-10-23,7960,0,,completed
1718,15,2025-10-23,17260,0,,completed
1719,1,2025-10-23,12460,0,,completed
1720,186,2025-10-23,4980,0,,completed
1721,155,2025-10-23,2980,0,,completed
1722,72,2025-10-23,15980,0,,completed
1723,116,2025-10-23,6460,0,,completed
1724,49,2025-10-24,40350,0,,completed
1725,93,2025-10-24,8980,0,,completed
1726,84,2025-10-24,70890,0,,completed
1727,169,2025-10-24,8980,0,,completed
1728,99,2025-10-24,6960,0,,completed
1729,183,2025-10-24,2980,0,,completed
1730,147,2025-10-24,1980,0,,completed
1731,128,2025-10-24,8980,0,,completed
1732,173,2025-10-24,3660,0,,completed
1733,30,2025-10-24,9856,0,,completed
1734,62,2025-10-24,2480,0,,completed
1735,193,2025-10-25,1280,0,,completed
1736,112,2025-10-25,1980,0,,completed
1737,84,2025-10-25,76290,0,,completed
1738,137,2025-10-25,13134,0,,completed
1739,178,2025-10-25,6960,0,,completed
1740,197,2025-10-25,25564,0,,completed
1741,97,2025-10-25,29634,0,,completed
1742,168,2025-10-26,9834,0,,completed
1743,58,2025-10-26,11286,0,,completed
1744,23,2025-10-26,1408,0,,completed
1745,88,2025-10-26,17534,0,,completed
1746,30,2025-10-26,37334,0,,completed
1747,98,2025-10-26,25234,0,,completed
1748,16,2025-10-26,9834,0,,completed
1749,109,2025-10-26,114450,0,,completed
1750,28,2025-10-26,7960,0,,completed
1751,81,2025-10-27,8980,0,,completed
1752,57,2025-10-27,7660,0,,completed
1753,38,2025-10-27,10960,0,,completed
1754,171,2025-10-27,4480,0,,completed
1755,82,2025-10-27,65220,0,,completed
1756,56,2025-10-27,17960,0,,completed
1757,97,2025-10-27,17578,0,,completed
1758,40,2025-10-27,8980,0,,completed
1759,58,2025-10-27,17534,0,,completed
1760,187,2025-10-28,118200,0,,completed
1761,90,2025-10-28,5236,0,,completed
1762,136,2025-10-28,17960,0,,completed
1763,50,2025-10-28,8514,0,,completed
1764,34,2025-10-28,50130,0,,completed
1765,36,2025-10-28,10660,0,,completed
1766,75,2025-10-28,2480,0,,completed
1767,56,2025-10-28,8980,0,,completed
1768,167,2025-10-28,15980,0,,completed
1769,148,2025-10-29,5980,0,,completed
1770,38,2025-10-29,9460,0,,completed
1771,44,2025-10-29,1280,0,,completed
1772,92,2025-10-29,49020,0,,completed
1773,185,2025-10-29,7460,0,,completed
1774,31,2025-10-29,3480,0,,completed
1775,126,2025-10-29,116670,0,,completed
1776,169,2025-10-29,1680,0,,completed
1777,167,2025-10-29,14960,0,,completed
1778,168,2025-10-29,23056,0,,completed
1779,31,2025-10-29,1280,0,,completed
1780,126,2025-10-30,47610,0,,completed
1781,178,2025-10-30,4480,0,,completed
1782,47,2025-10-30,8426,0,,completed
1783,180,2025-10-30,13460,0,,completed
1784,33,2025-10-30,15980,0,,completed
1785,17,2025-10-30,9284,0,,completed
1786,6,2025-10-31,6556,0,,completed
1787,136,2025-10-31,4260,0,,completed
1788,150,2025-10-31,2480,0,,completed
1789,169,2025-10-31,1980,0,,completed
1790,154,2025-10-31,10934,0,,completed
1791,115,2025-10-31,6886,0,,completed
1792,33,2025-10-31,5980,0,,completed
1793,42,2025-10-31,16410,0,,completed
1794,32,2025-10-31,18960,0,,completed
1795,44,2025-10-31,10960,0,,completed
1796,64,2025-10-31,8756,0,,completed
1797,169,2025-11-01,6460,0,,completed
1798,126,2025-11-01,47040,0,,completed
1799,170,2025-11-01,2480,0,,completed
1800,10,2025-11-01,2178,0,,completed
1801,77,2025-11-01,1980,0,,completed
1802,155,2025-11-01,4480,0,,completed
1803,92,2025-11-01,55050,0,,completed
1804,98,2025-11-01,7854,0,,completed
1805,66,2025-11-02,10960,0,,completed
1806,138,2025-11-02,59610,0,,completed
1807,166,2025-11-02,9878,0,,completed
1808,96,2025-11-02,3480,0,,completed
1809,40,2025-11-02,6960,0,,completed
1810,7,2025-11-02,14014,0,,completed
1811,137,2025-11-03,6578,0,,completed
1812,141,2025-11-03,18986,0,,completed
1813,164,2025-11-03,17578,0,,completed
1814,86,2025-11-03,4906,0,,completed
1815,71,2025-11-03,1280,0,,completed
1816,97,2025-11-03,3828,0,,completed
1817,32,2025-11-04,2980,0,,completed
1818,187,2025-11-04,104550,0,,completed
1819,142,2025-11-04,6336,0,,completed
1820,13,2025-11-04,17578,0,,completed
1821,193,2025-11-04,17960,0,,completed
1822,190,2025-11-04,11484,0,,completed
1823,123,2025-11-05,8980,0,,completed
1824,3,2025-11-05,15334,0,,completed
1825,169,2025-11-05,1980,0,,completed
1826,97,2025-11-05,25234,0,,completed
1827,186,2025-11-05,11460,0,,completed
1828,174,2025-11-05,15554,0,,completed
1829,47,2025-11-05,19426,0,,completed
1830,129,2025-11-05,13706,0,,completed
1831,134,2025-11-05,8980,0,,completed
1832,23,2025-11-06,21406,0,,completed
1833,24,2025-11-06,1280,0,,completed
1834,187,2025-11-06,14400,0,,completed
1835,74,2025-11-06,8460,0,,completed
1836,174,2025-11-06,13904,0,,completed
1837,128,2025-11-06,3480,0,,completed
1838,4,2025-11-06,18084,0,,completed
1839,183,2025-11-06,11960,0,,completed
1840,192,2025-11-06,87390,0,,completed
1841,115,2025-11-06,6578,0,,completed
1842,196,2025-11-06,6314,0,,completed
1843,35,2025-11-07,8460,0,,completed
1844,127,2025-11-07,50160,0,,completed
1845,124,2025-11-07,11460,0,,completed
1846,1,2025-11-07,11460,0,,completed
1847,165,2025-11-07,1680,0,,completed
1848,159,2025-11-07,20960,0,,completed
1849,2,2025-11-07,24960,0,,completed
1850,91,2025-11-07,4980,0,,completed
1851,185,2025-11-08,3480,0,,completed
1852,91,2025-11-08,1280,0,,completed
1853,111,2025-11-08,3760,0,,completed
1854,136,2025-11-08,3480,0,,completed
1855,32,2025-11-08,6960,0,,completed
1856,197,2025-11-08,14454,0,,completed
1857,102,2025-11-08,24960,0,,completed
1858,110,2025-11-08,2980,0,,completed
1859,28,2025-11-09,7660,0,,completed
1860,42,2025-11-09,149040,0,,completed
1861,51,2025-11-09,2480,0,,completed
1862,73,2025-11-09,2178,0,,completed
1863,102,2025-11-09,24960,0,,completed
1864,9,2025-11-09,6578,0,,completed
1865,51,2025-11-09,14960,0,,completed
1866,31,2025-11-09,4660,0,,completed
1867,175,2025-11-10,23584,0,,completed
1868,129,2025-11-10,15884,0,,completed
1869,29,2025-11-10,13410,0,,completed
1870,129,2025-11-10,6578,0,,completed
1871,61,2025-11-10,5980,0,,completed
1872,88,2025-11-10,14806,0,,completed
1873,3,2025-11-10,11726,0,,completed
1874,73,2025-11-10,5236,0,,completed
1875,64,2025-11-10,15334,0,,completed
1876,64,2025-11-11,11286,0,,completed
1877,180,2025-11-11,5980,0,,completed
1878,110,2025-11-11,1680,0,,completed
1879,181,2025-11-11,8980,0,,completed
1880,187,2025-11-11,41040,0,,completed
1881,31,2025-11-11,3480,0,,completed
1882,10,2025-11-11,4906,0,,completed
1883,5,2025-11-12,1280,0,,completed
1884,14,2025-11-12,7106,0,,completed
1885,79,2025-11-12,2480,0,,completed
1886,87,2025-11-12,6660,0,,completed
1887,131,2025-11-12,103260,0,,completed
1888,64,2025-11-12,7656,0,,completed
1889,11,2025-11-12,4980,0,,completed
1890,170,2025-11-12,11460,0,,completed
1891,121,2025-11-12,6336,0,,completed
1892,48,2025-11-13,17660,0,,completed
1893,86,2025-11-13,2816,0,,completed
1894,172,2025-11-13,6578,0,,completed
1895,142,2025-11-13,17578,0,,completed
1896,93,2025-11-13,13460,0,,completed
1897,136,2025-11-13,8460,0,,completed
1898,71,2025-11-13,4480,0,,completed
1899,99,2025-11-13,1280,0,,completed
1900,34,2025-11-13,31380,0,,completed
1901,181,2025-11-14,2560,0,,completed
1902,140,2025-11-14,17960,0,,completed
1903,122,2025-11-14,2980,0,,completed
1904,185,2025-11-14,4980,0,,completed
1905,33,2025-11-14,3480,0,,completed
1906,141,2025-11-14,30734,0,,completed
1907,94,2025-11-14,14960,0,,completed
1908,112,2025-11-15,1680,0,,completed
1909,108,2025-11-15,10934,0,,completed
1910,154,2025-11-15,12056,0,,completed
1911,75,2025-11-15,4480,0,,completed
1912,16,2025-11-15,16434,0,,completed
1913,127,2025-11-15,14880,0,,completed
1914,200,2025-11-16,7960,0,,completed
1915,70,2025-11-16,1980,0,,completed
1916,1,2025-11-16,4480,0,,completed
1917,56,2025-11-16,2980,0,,completed
1918,117,2025-11-16,96210,0,,completed
1919,58,2025-11-16,3278,0,,completed
1920,61,2025-11-16,10960,0,,completed
1921,38,2025-11-16,10960,0,,completed
1922,14,2025-11-16,8734,0,,completed
1923,30,2025-11-16,6578,0,,completed
1924,162,2025-11-17,17260,0,,completed
1925,181,2025-11-17,10960,0,,completed
1926,105,2025-11-17,83850,0,,completed
1927,46,2025-11-17,95490,0,,completed
1928,98,2025-11-17,23034,0,,completed
1929,155,2025-11-17,1680,0,,completed
1930,57,2025-11-17,11460,0,,completed
1931,149,2025-11-17,7854,0,,completed
1932,187,2025-11-18,34500,0,,completed
1933,146,2025-11-18,12056,0,,completed
1934,166,2025-11-18,15356,0,,completed
1935,42,2025-11-18,24300,0,,completed
1936,19,2025-11-18,49080,0,,completed
1937,155,2025-11-18,3480,0,,completed
1938,99,2025-11-18,1280,0,,completed
1939,196,2025-11-19,10384,0,,completed
1940,198,2025-11-19,9878,0,,completed
1941,37,2025-11-19,4980,0,,completed
1942,28,2025-11-19,10260,0,,completed
1943,52,2025-11-19,1680,0,,completed
1944,195,2025-11-19,13904,0,,completed
1945,123,2025-11-20,2480,0,,completed
1946,15,2025-11-20,8960,0,,completed
1947,32,2025-11-20,4980,0,,completed
1948,27,2025-11-20,14564,0,,completed
1949,107,2025-11-20,4980,0,,completed
1950,58,2025-11-20,2728,0,,completed
1951,110,2025-11-20,17960,0,,completed
1952,168,2025-11-20,9306,0,,completed
1953,176,2025-11-21,4440,0,,completed
1954,27,2025-11-21,18986,0,,completed
1955,158,2025-11-21,17260,0,,completed
1956,22,2025-11-21,4480,0,,completed
1957,39,2025-11-21,3480,0,,completed
1958,136,2025-11-21,6460,0,,completed
1959,174,2025-11-21,8756,0,,completed
1960,176,2025-11-21,82290,0,,completed
1961,68,2025-11-21,4980,0,,completed
1962,200,2025-11-22,15980,0,,completed
1963,38,2025-11-22,10660,0,,completed
1964,123,2025-11-22,1280,0,,completed
1965,148,2025-11-22,17960,0,,completed
1966,38,2025-11-22,15980,0,,completed
1967,33,2025-11-22,3480,0,,completed
1968,91,2025-11-22,5160,0,,completed
1969,178,2025-11-23,10460,0,,completed
1970,86,2025-11-23,6578,0,,completed
1971,63,2025-11-23,7106,0,,completed
1972,128,2025-11-23,5960,0,,completed
1973,59,2025-11-23,5760,0,,completed
1974,184,2025-11-23,7460,0,,completed
1975,199,2025-11-23,8980,0,,completed
1976,23,2025-11-23,17578,0,,completed
1977,1,2025-11-23,4980,0,,completed
1978,143,2025-11-24,3260,0,,completed
1979,16,2025-11-24,19756,0,,completed
1980,76,2025-11-24,4960,0,,completed
1981,108,2025-11-24,2728,0,,completed
1982,58,2025-11-24,9878,0,,completed
1983,36,2025-11-24,8980,0,,completed
1984,181,2025-11-24,3480,0,,completed
1985,188,2025-11-24,8980,0,,completed
1986,96,2025-11-25,6286,2694,3,completed
1987,28,2025-11-25,1176,504,3,completed
1988,153,2025-11-25,3835,1643,3,completed
1989,38,2025-11-25,2282,978,3,completed
1990,63,2025-11-25,3835,1643,3,completed
1991,146,2025-11-25,3049,1307,3,completed
1992,121,2025-11-25,10734,4600,3,completed
1993,179,2025-11-25,3973,1703,3,completed
1994,185,2025-11-25,5362,2298,3,completed
1995,178,2025-11-25,6286,2694,3,completed
1996,29,2025-11-25,37611,16119,3,completed
1997,3,2025-11-26,7284,3122,3,completed
1998,117,2025-11-26,51765,22185,3,completed
1999,24,2025-11-26,7672,3288,3,completed
2000,55,2025-11-26,6622,2838,3,completed
2001,57,2025-11-26,7672,3288,3,completed
2002,144,2025-11-26,6286,2694,3,completed
2003,120,2025-11-26,89565,38385,3,completed
2004,50,2025-11-26,1971,845,3,completed
2005,20,2025-11-26,14322,6138,3,completed
2006,62,2025-11-27,3472,1488,3,completed
2007,28,2025-11-27,1736,744,3,completed
2008,153,2025-11-27,6915,2963,3,completed
2009,49,2025-11-27,15519,6651,3,completed
2010,145,2025-11-27,3450,1478,3,completed
2011,124,2025-11-27,3486,1494,3,completed
2012,81,2025-11-27,6286,2694,3,completed
2013,3,2025-11-27,9594,4112,3,completed
2014,50,2025-11-28,9594,4112,3,completed
2015,92,2025-11-28,41937,17973,3,completed
2016,129,2025-11-28,2295,983,3,completed
2017,199,2025-11-28,3486,1494,3,completed
2018,151,2025-11-28,4312,1848,3,completed
2019,10,2025-11-28,3049,1307,3,completed
2020,175,2025-11-28,5590,2396,3,completed
2021,24,2025-11-28,1736,744,3,completed
2022,175,2025-11-28,9964,4270,3,completed
2023,129,2025-11-28,14969,6415,3,completed
2024,134,2025-11-28,2562,1098,3,completed
2025,87,2025-11-28,14322,6138,3,completed
2026,11,2025-11-29,3472,1488,3,completed
2027,157,2025-11-29,1386,594,3,completed
2028,146,2025-11-29,6114,2620,3,completed
2029,37,2025-11-29,2982,1278,3,completed
2030,128,2025-11-29,1176,504,3,completed
2031,81,2025-11-29,6286,2694,3,completed
2032,42,2025-11-29,61845,26505,3,completed
2033,23,2025-11-29,1525,653,3,completed
2034,182,2025-11-29,7462,3198,3,completed
2035,66,2025-11-29,5572,2388,3,completed
2036,32,2025-11-29,14672,6288,3,completed
2037,103,2025-11-30,7322,3138,3,completed
2038,34,2025-11-30,95340,40860,3,completed
2039,68,2025-11-30,3136,1344,3,completed
2040,165,2025-11-30,6286,2694,3,completed
2041,63,2025-11-30,7654,3280,3,completed
2042,27,2025-11-30,4204,1802,3,completed
2043,146,2025-11-30,2895,1241,3,completed
2044,100,2025-11-30,5590,2396,3,completed
2045,90,2025-11-30,5898,2528,3,completed
2046,137,2025-11-30,1971,845,3,completed
2047,188,2025-12-01,3480,0,,completed
2048,197,2025-12-01,6556,0,,completed
2049,85,2025-12-01,15980,0,,completed
2050,88,2025-12-01,14454,0,,completed
2051,190,2025-12-01,11286,0,,completed
2052,117,2025-12-01,6990,0,,completed
2053,164,2025-12-01,17578,0,,completed
2054,9,2025-12-02,26884,0,,completed
2055,111,2025-12-02,7460,0,,completed
2056,55,2025-12-02,5980,0,,completed
2057,109,2025-12-02,73290,0,,completed
2058,21,2025-12-02,10660,0,,completed
2059,108,2025-12-02,19184,0,,completed
2060,48,2025-12-02,1280,0,,completed
2061,110,2025-12-02,10960,0,,completed
2062,51,2025-12-02,5160,0,,completed
2063,122,2025-12-02,8980,0,,completed
2064,91,2025-12-03,7960,0,,completed
2065,153,2025-12-03,1408,0,,completed
2066,186,2025-12-03,15980,0,,completed
2067,171,2025-12-03,6960,0,,completed
2068,118,2025-12-03,1848,0,,completed
2069,82,2025-12-03,58350,0,,completed
2070,185,2025-12-03,1680,0,,completed
2071,33,2025-12-03,10460,0,,completed
2072,25,2025-12-03,18600,0,,completed
2073,140,2025-12-04,4480,0,,completed
2074,97,2025-12-04,17578,0,,completed
2075,54,2025-12-04,6578,0,,completed
2076,148,2025-12-04,15980,0,,completed
2077,94,2025-12-04,8980,0,,completed
2078,79,2025-12-04,8980,0,,completed
2079,128,2025-12-04,6960,0,,completed
2080,91,2025-12-04,6460,0,,completed
2081,134,2025-12-04,3260,0,,completed
2082,118,2025-12-04,19756,0,,completed
2083,142,2025-12-04,9284,0,,completed
2084,73,2025-12-05,20284,0,,completed
2085,163,2025-12-05,13460,0,,completed
2086,26,2025-12-05,1408,0,,completed
2087,23,2025-12-05,14234,0,,completed
2088,27,2025-12-05,14806,0,,completed
2089,140,2025-12-05,5980,0,,completed
2090,114,2025-12-05,5980,0,,completed
2091,75,2025-12-05,4960,0,,completed
2092,199,2025-12-05,6460,0,,completed
2093,51,2025-12-06,17260,0,,completed
2094,119,2025-12-06,14960,0,,completed
2095,190,2025-12-06,23056,0,,completed
2096,58,2025-12-06,26334,0,,completed
2097,68,2025-12-06,9460,0,,completed
2098,62,2025-12-06,3480,0,,completed
2099,4,2025-12-07,2178,0,,completed
2100,96,2025-12-07,17960,0,,completed
2101,147,2025-12-07,5460,0,,completed
2102,101,2025-12-07,38820,0,,completed
2103,33,2025-12-07,10960,0,,completed
2104,104,2025-12-07,4960,0,,completed
2105,60,2025-12-08,17940,0,,completed
2106,162,2025-12-08,14960,0,,completed
2107,142,2025-12-08,17578,0,,completed
2108,53,2025-12-08,7140,0,,completed
2109,161,2025-12-08,12584,0,,completed
2110,182,2025-12-08,4480,0,,completed
2111,98,2025-12-08,9878,0,,completed
2112,188,2025-12-08,1680,0,,completed
2113,163,2025-12-08,4460,0,,completed
2114,57,2025-12-09,5460,0,,completed
2115,63,2025-12-09,20284,0,,completed
2116,14,2025-12-09,3586,0,,completed
2117,161,2025-12-09,6578,0,,completed
2118,149,2025-12-09,1408,0,,completed
2119,118,2025-12-09,4994,0,,completed
2120,73,2025-12-09,3586,0,,completed
2121,20,2025-12-09,18460,0,,completed
2122,101,2025-12-09,7740,0,,completed
2123,125,2025-12-09,2480,0,,completed
2124,176,2025-12-09,53730,0,,completed
2125,162,2025-12-10,1280,0,,completed
2126,88,2025-12-10,6776,0,,completed
2127,154,2025-12-10,10934,0,,completed
2128,190,2025-12-10,4136,0,,completed
2129,156,2025-12-10,3278,0,,completed
2130,6,2025-12-10,8184,0,,completed
2131,94,2025-12-10,2480,0,,completed
2132,8,2025-12-10,4460,0,,completed
2133,22,2025-12-10,8980,0,,completed
2134,71,2025-12-10,3760,0,,completed
2135,182,2025-12-11,10660,0,,completed
2136,127,2025-12-11,73200,0,,completed
2137,27,2025-12-11,16984,0,,completed
2138,53,2025-12-11,130710,0,,completed
2139,99,2025-12-11,6960,0,,completed
2140,91,2025-12-11,7260,0,,completed
2141,116,2025-12-11,4980,0,,completed
2142,131,2025-12-11,128700,0,,completed
2143,30,2025-12-12,17578,0,,completed
2144,110,2025-12-12,15980,0,,completed
2145,63,2025-12-12,2728,0,,completed
2146,169,2025-12-12,17960,0,,completed
2147,200,2025-12-12,6260,0,,completed
2148,82,2025-12-12,34380,0,,completed
2149,83,2025-12-13,2980,0,,completed
2150,17,2025-12-13,14806,0,,completed
2151,55,2025-12-13,1280,0,,completed
2152,144,2025-12-13,13460,0,,completed
2153,172,2025-12-13,4928,0,,completed
2154,166,2025-12-13,10406,0,,completed
2155,82,2025-12-13,48120,0,,completed
2156,31,2025-12-13,1680,0,,completed
2157,44,2025-12-13,7960,0,,completed
2158,61,2025-12-13,8980,0,,completed
2159,165,2025-12-14,1680,0,,completed
2160,73,2025-12-14,3828,0,,completed
2161,10,2025-12-14,26334,0,,completed
2162,166,2025-12-14,1408,0,,completed
2163,121,2025-12-14,3828,0,,completed
2164,186,2025-12-14,24960,0,,completed
2165,103,2025-12-15,2980,0,,completed
2166,199,2025-12-15,6160,0,,completed
2167,13,2025-12-15,19756,0,,completed
2168,117,2025-12-15,93990,0,,completed
2169,27,2025-12-15,19756,0,,completed
2170,112,2025-12-15,1980,0,,completed
2171,23,2025-12-15,9878,0,,completed
2172,95,2025-12-15,20834,0,,completed
2173,12,2025-12-16,4980,0,,completed
2174,78,2025-12-16,8980,0,,completed
2175,85,2025-12-16,17960,0,,completed
2176,44,2025-12-16,4480,0,,completed
2177,118,2025-12-16,2178,0,,completed
2178,82,2025-12-16,40350,0,,completed
2179,134,2025-12-16,4480,0,,completed
2180,123,2025-12-16,24960,0,,completed
2181,124,2025-12-17,1280,0,,completed
2182,68,2025-12-17,10260,0,,completed
2183,91,2025-12-17,5980,0,,completed
2184,166,2025-12-17,14014,0,,completed
2185,20,2025-12-17,7460,0,,completed
2186,4,2025-12-17,8404,0,,completed
2187,49,2025-12-17,103290,0,,completed
2188,168,2025-12-17,3278,0,,completed
2189,28,2025-12-17,2480,0,,completed
2190,94,2025-12-17,6160,0,,completed
2191,132,2025-12-17,3480,0,,completed
2192,18,2025-12-18,6006,0,,completed
2193,176,2025-12-18,38070,0,,completed
2194,62,2025-12-18,1680,0,,completed
2195,48,2025-12-18,6660,0,,completed
2196,170,2025-12-18,24960,0,,completed
2197,31,2025-12-18,15980,0,,completed
2198,111,2025-12-18,1980,0,,completed
2199,129,2025-12-19,20856,0,,completed
2200,14,2025-12-19,27456,0,,completed
2201,26,2025-12-19,6578,0,,completed
2202,98,2025-12-19,16434,0,,completed
2203,49,2025-12-19,77460,0,,completed
2204,13,2025-12-19,6864,0,,completed
2205,30,2025-12-19,5478,0,,completed
2206,148,2025-12-19,3760,0,,completed
2207,137,2025-12-19,9878,0,,completed
2208,159,2025-12-20,5220,1740,4,completed
2209,26,2025-12-20,7408,2470,4,completed
2210,178,2025-12-20,3120,1040,4,completed
2211,44,2025-12-20,11985,3995,4,completed
2212,164,2025-12-20,11104,3702,4,completed
2213,74,2025-12-20,960,320,4,completed
2214,48,2025-12-20,13470,4490,4,completed
2215,177,2025-12-20,1485,495,4,completed
2216,81,2025-12-20,1485,495,4,completed
2217,86,2025-12-21,5742,1914,4,completed
2218,171,2025-12-21,14595,4865,4,completed
2219,6,2025-12-21,7408,2470,4,completed
2220,20,2025-12-21,4485,1495,4,completed
2221,195,2025-12-21,3696,1232,4,completed
2222,91,2025-12-21,7095,2365,4,completed
2223,126,2025-12-21,22612,7538,4,completed
2224,75,2025-12-21,2235,745,4,completed
2225,129,2025-12-21,1634,544,4,completed
2226,26,2025-12-22,20592,6864,4,completed
2227,116,2025-12-22,18720,6240,4,completed
2228,140,2025-12-22,5745,1915,4,completed
2229,65,2025-12-22,4995,1665,4,completed
2230,91,2025-12-22,18720,6240,4,completed
2231,133,2025-12-22,7695,2565,4,completed
2232,176,2025-12-22,12825,4275,4,completed
2233,37,2025-12-22,4995,1665,4,completed
2234,148,2025-12-23,13845,4615,4,completed
2235,191,2025-12-23,2046,682,4,completed
2236,97,2025-12-23,13398,4466,4,completed
2237,174,2025-12-23,5478,1826,4,completed
2238,68,2025-12-23,14595,4865,4,completed
2239,151,2025-12-23,13470,4490,4,completed
2240,49,2025-12-23,35325,11775,4,completed
2241,157,2025-12-23,2610,870,4,completed
2242,117,2025-12-23,33705,11235,4,completed
2243,134,2025-12-24,5595,1865,4,completed
2244,171,2025-12-24,6735,2245,4,completed
2245,125,2025-12-24,7695,2565,4,completed
2246,4,2025-12-24,6154,2052,4,completed
2247,73,2025-12-24,6550,2184,4,completed
2248,79,2025-12-24,2610,870,4,completed
2249,91,2025-12-24,3735,1245,4,completed
2250,65,2025-12-24,11985,3995,4,completed
2251,73,2025-12-24,9026,3008,4,completed
2252,183,2025-12-25,8220,2740,4,completed
2253,51,2025-12-25,4320,1440,4,completed
2254,75,2025-12-25,3735,1245,4,completed
2255,122,2025-12-25,6345,2115,4,completed
2256,164,2025-12-25,5742,1914,4,completed
2257,26,2025-12-25,11104,3702,4,completed
2258,80,2025-12-25,28575,9525,4,completed
2259,175,2025-12-25,7408,2470,4,completed
2260,107,2025-12-26,6735,2245,4,completed
2261,79,2025-12-26,6735,2245,4,completed
2262,146,2025-12-26,5478,1826,4,completed
2263,97,2025-12-26,2690,896,4,completed
2264,135,2025-12-26,18720,6240,4,completed
2265,129,2025-12-26,21978,7326,4,completed
2266,91,2025-12-26,3870,1290,4,completed
2267,106,2025-12-26,5970,1990,4,completed
2268,7,2025-12-26,2690,896,4,completed
2269,78,2025-12-27,3360,1120,4,completed
2270,132,2025-12-27,4845,1615,4,completed
2271,140,2025-12-27,6345,2115,4,completed
2272,33,2025-12-27,8220,2740,4,completed
2273,119,2025-12-27,4695,1565,4,completed
2274,15,2025-12-27,5445,1815,4,completed
2275,86,2025-12-27,12160,4054,4,completed
2276,124,2025-12-27,4695,1565,4,completed
2277,190,2025-12-27,14800,4934,4,completed
2278,184,2025-12-27,6735,2245,4,completed
2279,53,2025-12-27,20318,6772,4,completed
2280,164,2025-12-27,7408,2470,4,completed
2281,80,2025-12-28,15772,5258,4,completed
2282,30,2025-12-28,4108,1370,4,completed
2283,40,2025-12-28,2235,745,4,completed
2284,25,2025-12-28,11385,3795,4,completed
2285,101,2025-12-28,10710,3570,4,completed
2286,48,2025-12-28,2235,745,4,completed
2287,67,2025-12-28,11253,3751,4,completed
2288,158,2025-12-28,2610,870,4,completed
2289,38,2025-12-28,1485,495,4,completed
2290,37,2025-12-28,1485,495,4,completed
2291,131,2025-12-28,30712,10238,4,completed
2292,151,2025-12-28,16470,5490,4,completed
2293,71,2025-12-28,9345,3115,4,completed
2294,119,2025-12-29,4095,1365,4,completed
2295,8,2025-12-29,2220,740,4,completed
2296,145,2025-12-29,7804,2602,4,completed
2297,78,2025-12-29,4485,1495,4,completed
2298,167,2025-12-29,15720,5240,4,completed
2299,36,2025-12-29,7995,2665,4,completed
2300,71,2025-12-29,1485,495,4,completed
2301,92,2025-12-29,63990,21330,4,completed
2302,168,2025-12-30,13184,4394,4,completed
2303,168,2025-12-30,18266,6088,4,completed
2304,184,2025-12-30,6735,2245,4,completed
2305,196,2025-12-30,11336,3778,4,completed
2306,166,2025-12-30,4257,1419,4,completed
2307,156,2025-12-30,12738,4246,4,completed
2308,130,2025-12-30,8220,2740,4,completed
2309,83,2025-12-30,6720,2240,4,completed
2310,104,2025-12-30,3735,1245,4,completed
2311,188,2025-12-31,1860,620,4,completed
2312,25,2025-12-31,9450,3150,4,completed
2313,195,2025-12-31,7408,2470,4,completed
2314,61,2025-12-31,1485,495,4,completed
2315,187,2025-12-31,50512,16838,4,completed
2316,196,2025-12-31,8630,2876,4,completed
2317,8,2025-12-31,11985,3995,4,completed
2318,28,2025-12-31,4095,1365,4,completed
