date,day_of_week,day_name,is_weekend,is_payday_week,quarter,month,has_discount_campaign,campaign_id,daily_orders,daily_aov,daily_revenue,_daily_potential,_cf_orders,_cf_aov,_cf_revenue,_true_effect,_true_effect_pct
2025-01-01,2,Wed,0,0,1,1,0,,6,9579,57474,-0.2563,6,9579,57474,0,0.0
2025-01-02,3,Thu,0,0,1,1,0,,6,8749,52494,0.1733,6,8749,52494,0,0.0
2025-01-03,4,Fri,0,0,1,1,0,,6,10002,60012,0.1671,6,10002,60012,0,0.0
2025-01-04,5,Sat,1,0,1,1,0,,6,11124,66744,-0.0801,6,11124,66744,0,0.0
2025-01-05,6,Sun,1,0,1,1,0,,7,9147,64029,0.0618,7,9147,64029,0,0.0
2025-01-06,0,Mon,0,0,1,1,0,,7,8806,61642,-0.1733,7,8806,61642,0,0.0
2025-01-07,1,Tue,0,0,1,1,0,,7,10543,73801,0.2901,7,10543,73801,0,0.0
2025-01-08,2,Wed,0,0,1,1,0,,6,8932,53592,0.2943,6,8932,53592,0,0.0
2025-01-09,3,Thu,0,0,1,1,0,,5,9646,48230,-0.2471,5,9646,48230,0,0.0
2025-01-10,4,Fri,0,0,1,1,0,,7,10716,75012,-0.2886,7,10716,75012,0,0.0
2025-01-11,5,Sat,1,0,1,1,0,,6,11607,69642,0.0245,6,11607,69642,0,0.0
2025-01-12,6,Sun,1,0,1,1,0,,8,10949,87592,0.0432,8,10949,87592,0,0.0
2025-01-13,0,Mon,0,0,1,1,0,,7,9506,66542,0.0783,7,9506,66542,0,0.0
2025-01-14,1,Tue,0,0,1,1,0,,5,9019,45095,-0.2987,5,9019,45095,0,0.0
2025-01-15,2,Wed,0,0,1,1,1,1,7,9095,63665,-0.2738,6,9574,59835,3830,6.4
2025-01-16,3,Thu,0,0,1,1,1,1,6,9287,55722,0.2906,5,9776,52370,3352,6.4
2025-01-17,4,Fri,0,0,1,1,1,1,8,10779,86232,0.2991,7,11346,81045,5187,6.4
2025-01-18,5,Sat,1,0,1,1,1,1,8,9261,74088,-0.126,7,9748,69631,4457,6.4
2025-01-19,6,Sun,1,0,1,1,1,1,7,9104,63728,-0.2108,6,9583,59894,3834,6.4
2025-01-20,0,Mon,0,0,1,1,1,1,7,10453,73171,0.0264,6,11003,68769,4402,6.4
2025-01-21,1,Tue,0,0,1,1,1,1,8,9315,74520,0.2706,7,9805,70037,4483,6.4
2025-01-22,2,Wed,0,1,1,1,1,1,8,10080,80640,0.2148,7,10611,75789,4851,6.4
2025-01-23,3,Thu,0,1,1,1,1,1,7,7637,53459,-0.2714,6,8039,50243,3216,6.4
2025-01-24,4,Fri,0,1,1,1,1,1,8,9284,74272,0.1998,7,9773,69804,4468,6.4
2025-01-25,5,Sat,1,1,1,1,1,1,10,9285,92850,0.2121,9,9774,87265,5585,6.4
2025-01-26,6,Sun,1,1,1,1,0,,8,10243,81944,-0.1104,8,10243,81944,0,0.0
2025-01-27,0,Mon,0,1,1,1,0,,7,11196,78372,0.0301,7,11196,78372,0,0.0
2025-01-28,1,Tue,0,1,1,1,0,,6,9810,58860,-0.1462,6,9810,58860,0,0.0
2025-01-29,2,Wed,0,0,1,1,0,,7,10027,70189,-0.1294,7,10027,70189,0,0.0
2025-01-30,3,Thu,0,0,1,1,0,,7,10917,76419,0.2988,7,10917,76419,0,0.0
2025-01-31,4,Fri,0,0,1,1,0,,8,9055,72440,0.2915,8,9055,72440,0,0.0
2025-02-01,5,Sat,1,0,1,2,0,,6,9080,54480,-0.294,6,9080,54480,0,0.0
2025-02-02,6,Sun,1,0,1,2,0,,7,8525,59675,0.1592,7,8525,59675,0,0.0
2025-02-03,0,Mon,0,0,1,2,0,,5,10832,54160,0.2969,5,10832,54160,0,0.0
2025-02-04,1,Tue,0,0,1,2,0,,6,11808,70848,-0.0636,6,11808,70848,0,0.0
2025-02-05,2,Wed,0,0,1,2,0,,6,9039,54234,0.0801,6,9039,54234,0,0.0
2025-02-06,3,Thu,0,0,1,2,0,,5,9089,45445,-0.1868,5,9089,45445,0,0.0
2025-02-07,4,Fri,0,0,1,2,0,,6,10421,62526,-0.1733,6,10421,62526,0,0.0
2025-02-08,5,Sat,1,0,1,2,0,,8,8893,71144,0.2553,8,8893,71144,0,0.0
2025-02-09,6,Sun,1,0,1,2,0,,6,8231,49386,-0.237,6,8231,49386,0,0.0
2025-02-10,0,Mon,0,0,1,2,0,,6,10517,63102,0.1445,6,10517,63102,0,0.0
2025-02-11,1,Tue,0,0,1,2,0,,6,9963,59778,-0.2886,6,9963,59778,0,0.0
2025-02-12,2,Wed,0,0,1,2,0,,6,10071,60426,0.2324,6,10071,60426,0,0.0
2025-02-13,3,Thu,0,0,1,2,0,,5,9375,46875,0.0945,5,9375,46875,0,0.0
2025-02-14,4,Fri,0,0,1,2,0,,7,8493,59451,-0.1998,7,8493,59451,0,0.0
2025-02-15,5,Sat,1,0,1,2,0,,7,10421,72947,-0.0188,7,10421,72947,0,0.0
2025-02-16,6,Sun,1,0,1,2,0,,7,10073,70511,0.2638,7,10073,70511,0,0.0
2025-02-17,0,Mon,0,0,1,2,0,,7,10787,75509,0.3,7,10787,75509,0,0.0
2025-02-18,1,Tue,0,0,1,2,0,,6,10063,60378,-0.2775,6,10063,60378,0,0.0
2025-02-19,2,Wed,0,0,1,2,0,,5,10548,52740,-0.2835,5,10548,52740,0,0.0
2025-02-20,3,Thu,0,0,1,2,0,,5,9438,47190,-0.2067,5,9438,47190,0,0.0
2025-02-21,4,Fri,0,0,1,2,0,,7,10172,71204,0.1104,7,10172,71204,0,0.0
2025-02-22,5,Sat,1,1,1,2,0,,7,11143,78001,0.0151,7,11143,78001,0,0.0
2025-02-23,6,Sun,1,1,1,2,0,,7,9576,67032,-0.0019,7,9576,67032,0,0.0
2025-02-24,0,Mon,0,1,1,2,0,,6,9099,54594,-0.2803,6,9099,54594,0,0.0
2025-02-25,1,Tue,0,1,1,2,0,,7,11158,78106,0.2998,7,11158,78106,0,0.0
2025-02-26,2,Wed,0,1,1,2,0,,6,10104,60624,-0.0945,6,10104,60624,0,0.0
2025-02-27,3,Thu,0,1,1,2,0,,6,8991,53946,-0.1809,6,8991,53946,0,0.0
2025-02-28,4,Fri,0,1,1,2,0,,5,9182,45910,-0.1941,5,9182,45910,0,0.0
2025-03-01,5,Sat,1,0,1,3,0,,7,9748,68236,0.1495,7,9748,68236,0,0.0
2025-03-02,6,Sun,1,0,1,3,0,,6,8864,53184,0.2928,6,8864,53184,0,0.0
2025-03-03,0,Mon,0,0,1,3,0,,7,10059,70413,0.2393,7,10059,70413,0,0.0
2025-03-04,1,Tue,0,0,1,3,0,,5,8353,41765,-0.2533,5,8353,41765,0,0.0
2025-03-05,2,Wed,0,0,1,3,0,,6,12306,73836,-0.1956,6,12306,73836,0,0.0
2025-03-06,3,Thu,0,0,1,3,0,,6,9043,54258,0.2816,6,9043,54258,0,0.0
2025-03-07,4,Fri,0,0,1,3,0,,5,10078,50390,0.2502,5,10078,50390,0,0.0
2025-03-08,5,Sat,1,0,1,3,0,,6,10725,64350,0.0673,6,10725,64350,0,0.0
2025-03-09,6,Sun,1,0,1,3,0,,8,11110,88880,-0.1779,8,11110,88880,0,0.0
2025-03-10,0,Mon,0,0,1,3,0,,5,11051,55255,-0.0038,5,11051,55255,0,0.0
2025-03-11,1,Tue,0,0,1,3,0,,6,10223,61338,0.2932,6,10223,61338,0,0.0
2025-03-12,2,Wed,0,0,1,3,0,,6,10889,65334,0.2981,6,10889,65334,0,0.0
2025-03-13,3,Thu,0,0,1,3,0,,6,9981,59886,-0.1362,6,9981,59886,0,0.0
2025-03-14,4,Fri,0,0,1,3,0,,6,9957,59742,0.0188,6,9957,59742,0,0.0
2025-03-15,5,Sat,1,0,1,3,0,,8,9073,72584,0.299,8,9073,72584,0,0.0
2025-03-16,6,Sun,1,0,1,3,0,,8,11702,93616,0.0837,8,11702,93616,0,0.0
2025-03-17,0,Mon,0,0,1,3,0,,6,8295,49770,0.2067,6,8295,49770,0,0.0
2025-03-18,1,Tue,0,0,1,3,0,,4,10002,40008,-0.2761,4,10002,40008,0,0.0
2025-03-19,2,Wed,0,0,1,3,0,,6,11652,69912,0.0764,6,11652,69912,0,0.0
2025-03-20,3,Thu,0,0,1,3,0,,6,9959,59754,0.2995,6,9959,59754,0,0.0
2025-03-21,4,Fri,0,0,1,3,0,,5,11257,56285,-0.1209,5,11257,56285,0,0.0
2025-03-22,5,Sat,1,1,1,3,0,,8,11013,88104,-0.2891,8,11013,88104,0,0.0
2025-03-23,6,Sun,1,1,1,3,0,,7,10604,74228,-0.1362,7,10604,74228,0,0.0
2025-03-24,0,Mon,0,1,1,3,0,,6,10211,61266,0.1157,6,10211,61266,0,0.0
2025-03-25,1,Tue,0,1,1,3,1,-1,7,8717,61019,0.2187,6,9176,57348,3671,6.4
2025-03-26,2,Wed,0,1,1,3,0,,6,11154,66924,-0.1717,6,11154,66924,0,0.0
2025-03-27,3,Thu,0,1,1,3,0,,6,8852,53112,-0.1702,6,8852,53112,0,0.0
2025-03-28,4,Fri,0,1,1,3,0,,4,10252,41008,-0.2991,4,10252,41008,0,0.0
2025-03-29,5,Sat,1,0,1,3,0,,8,10355,82840,0.2664,8,10355,82840,0,0.0
2025-03-30,6,Sun,1,0,1,3,1,-1,9,8589,77301,0.0357,8,9041,72651,4650,6.4
2025-03-31,0,Mon,0,0,1,3,0,,5,9608,48040,-0.2896,5,9608,48040,0,0.0
2025-04-01,1,Tue,0,0,2,4,0,,7,10143,71001,0.2865,7,10143,71001,0,0.0
2025-04-02,2,Wed,0,0,2,4,0,,8,10848,86784,0.291,8,10848,86784,0,0.0
2025-04-03,3,Thu,0,0,2,4,0,,6,9607,57642,0.225,6,9607,57642,0,0.0
2025-04-04,4,Fri,0,0,2,4,0,,7,10095,70665,-0.1277,7,10095,70665,0,0.0
2025-04-05,5,Sat,1,0,2,4,0,,9,10713,96417,-0.2094,9,10713,96417,0,0.0
2025-04-06,6,Sun,1,0,2,4,0,,8,8907,71256,0.0282,8,8907,71256,0,0.0
2025-04-07,0,Mon,0,0,2,4,0,,7,11078,77546,0.2698,7,11078,77546,0,0.0
2025-04-08,1,Tue,0,0,2,4,0,,6,9502,57012,-0.2996,6,9502,57012,0,0.0
2025-04-09,2,Wed,0,0,2,4,0,,5,10600,53000,-0.2722,5,10600,53000,0,0.0
2025-04-10,3,Thu,0,0,2,4,0,,6,9240,55440,-0.2722,6,9240,55440,0,0.0
2025-04-11,4,Fri,0,0,2,4,0,,7,10822,75754,0.2135,7,10822,75754,0,0.0
2025-04-12,5,Sat,1,0,2,4,0,,7,10014,70098,0.1226,7,10014,70098,0,0.0
2025-04-13,6,Sun,1,0,2,4,0,,8,10170,81360,0.0282,8,10170,81360,0,0.0
2025-04-14,0,Mon,0,0,2,4,0,,6,9612,57672,-0.2081,6,9612,57672,0,0.0
2025-04-15,1,Tue,0,0,2,4,0,,6,10098,60588,-0.1277,6,10098,60588,0,0.0
2025-04-16,2,Wed,0,0,2,4,0,,7,11227,78589,0.299,7,11227,78589,0,0.0
2025-04-17,3,Thu,0,0,2,4,0,,6,9911,59466,-0.2656,6,9911,59466,0,0.0
2025-04-18,4,Fri,0,0,2,4,0,,7,10048,70336,-0.1702,7,10048,70336,0,0.0
2025-04-19,5,Sat,1,0,2,4,0,,8,10061,80488,-0.0207,8,10061,80488,0,0.0
2025-04-20,6,Sun,1,0,2,4,1,3,8,9458,75664,0.0764,7,9956,71112,4552,6.4
2025-04-21,0,Mon,0,0,2,4,1,3,8,10032,80256,0.0451,7,10560,75428,4828,6.4
2025-04-22,1,Tue,0,1,2,4,1,3,7,9038,63266,-0.2932,6,9514,59460,3806,6.4
2025-04-23,2,Wed,0,1,2,4,1,3,7,8690,60830,-0.2891,6,9147,57171,3659,6.4
2025-04-24,3,Thu,0,1,2,4,1,3,9,8866,79794,-0.2481,8,9333,74994,4800,6.4
2025-04-25,4,Fri,0,1,2,4,1,3,9,9462,85158,0.2449,8,9960,80035,5123,6.4
2025-04-26,5,Sat,1,1,2,4,1,3,10,9059,90590,-0.1559,9,9536,85140,5450,6.4
2025-04-27,6,Sun,1,1,2,4,1,3,9,10283,92547,-0.1717,8,10824,86980,5567,6.4
2025-04-28,0,Mon,0,1,2,4,1,3,10,9676,96760,0.0599,9,10185,90939,5821,6.4
2025-04-29,1,Tue,0,0,2,4,1,3,8,10052,80416,-0.0819,7,10581,75578,4838,6.4
2025-04-30,2,Wed,0,0,2,4,1,3,8,9790,78320,0.1898,7,10305,73609,4711,6.4
2025-05-01,3,Thu,0,0,2,5,0,,7,9773,68411,-0.2981,7,9773,68411,0,0.0
2025-05-02,4,Fri,0,0,2,5,0,,7,10387,72709,0.2601,7,10387,72709,0,0.0
2025-05-03,5,Sat,1,0,2,5,0,,7,10602,74214,-0.2891,7,10602,74214,0,0.0
2025-05-04,6,Sun,1,0,2,5,0,,6,11133,66798,-0.1941,6,11133,66798,0,0.0
2025-05-05,0,Mon,0,0,2,5,0,,7,10503,73521,-0.0673,7,10503,73521,0,0.0
2025-05-06,1,Tue,0,0,2,5,0,,6,10378,62268,-0.0544,6,10378,62268,0,0.0
2025-05-07,2,Wed,0,0,2,5,0,,8,9584,76672,0.2954,8,9584,76672,0,0.0
2025-05-08,3,Thu,0,0,2,5,0,,6,10202,61212,0.1511,6,10202,61212,0,0.0
2025-05-09,4,Fri,0,0,2,5,0,,6,9391,56346,-0.2957,6,9391,56346,0,0.0
2025-05-10,5,Sat,1,0,2,5,0,,8,10416,83328,-0.2963,8,10416,83328,0,0.0
2025-05-11,6,Sun,1,0,2,5,0,,8,8937,71496,0.1478,8,8937,71496,0,0.0
2025-05-12,0,Mon,0,0,2,5,0,,6,10387,62322,0.1623,6,10387,62322,0,0.0
2025-05-13,1,Tue,0,0,2,5,0,,6,11506,69036,-0.0507,6,11506,69036,0,0.0
2025-05-14,2,Wed,0,0,2,5,0,,6,10531,63186,0.0927,6,10531,63186,0,0.0
2025-05-15,3,Thu,0,0,2,5,0,,8,10176,81408,-0.197,8,10176,81408,0,0.0
2025-05-16,4,Fri,0,0,2,5,0,,7,10691,74837,-0.1839,7,10691,74837,0,0.0
2025-05-17,5,Sat,1,0,2,5,0,,7,10874,76118,0.262,7,10874,76118,0,0.0
2025-05-18,6,Sun,1,0,2,5,0,,8,9493,75944,-0.2287,8,9493,75944,0,0.0
2025-05-19,0,Mon,0,0,2,5,0,,6,9243,55458,0.1328,6,9243,55458,0,0.0
2025-05-20,1,Tue,0,0,2,5,0,,6,9893,59358,-0.2847,6,9893,59358,0,0.0
2025-05-21,2,Wed,0,0,2,5,0,,7,9798,68586,0.0113,7,9798,68586,0,0.0
2025-05-22,3,Thu,0,1,2,5,0,,9,11785,106065,0.1069,9,11785,106065,0,0.0
2025-05-23,4,Fri,0,1,2,5,0,,7,9385,65695,-0.3,7,9385,65695,0,0.0
2025-05-24,5,Sat,1,1,2,5,0,,10,10258,102580,-0.0057,10,10258,102580,0,0.0
2025-05-25,6,Sun,1,1,2,5,0,,8,10762,86096,-0.2789,8,10762,86096,0,0.0
2025-05-26,0,Mon,0,1,2,5,0,,8,10138,81104,0.2999,8,10138,81104,0,0.0
2025-05-27,1,Tue,0,1,2,5,0,,6,9659,57954,-0.0981,6,9659,57954,0,0.0
2025-05-28,2,Wed,0,1,2,5,0,,7,9322,65254,-0.2789,7,9322,65254,0,0.0
2025-05-29,3,Thu,0,0,2,5,0,,6,10631,63786,-0.197,6,10631,63786,0,0.0
2025-05-30,4,Fri,0,0,2,5,0,,8,10889,87112,0.1226,8,10889,87112,0,0.0
2025-05-31,5,Sat,1,0,2,5,0,,8,9538,76304,0.2347,8,9538,76304,0,0.0
2025-06-01,6,Sun,1,0,2,6,0,,8,10622,84976,0.2722,8,10622,84976,0,0.0
2025-06-02,0,Mon,0,0,2,6,0,,6,9370,56220,0.0,6,9370,56220,0,0.0
2025-06-03,1,Tue,0,0,2,6,0,,7,9923,69461,-0.1379,7,9923,69461,0,0.0
2025-06-04,2,Wed,0,0,2,6,0,,9,9364,84276,0.2324,9,9364,84276,0,0.0
2025-06-05,3,Thu,0,0,2,6,0,,7,8946,62622,0.22,7,8946,62622,0,0.0
2025-06-06,4,Fri,0,0,2,6,0,,7,8453,59171,-0.2829,7,8453,59171,0,0.0
2025-06-07,5,Sat,1,0,2,6,0,,7,11099,77693,0.1927,7,11099,77693,0,0.0
2025-06-08,6,Sun,1,0,2,6,0,,6,10389,62334,0.2563,6,10389,62334,0,0.0
2025-06-09,0,Mon,0,0,2,6,0,,8,9536,76288,0.2647,8,9536,76288,0,0.0
2025-06-10,1,Tue,0,0,2,6,0,,5,10464,52320,-0.1883,5,10464,52320,0,0.0
2025-06-11,2,Wed,0,0,2,6,0,,6,10993,65958,-0.1527,6,10993,65958,0,0.0
2025-06-12,3,Thu,0,0,2,6,0,,6,10026,60156,-0.0618,6,10026,60156,0,0.0
2025-06-13,4,Fri,0,0,2,6,0,,7,10601,74207,-0.0451,7,10601,74207,0,0.0
2025-06-14,5,Sat,1,0,2,6,0,,8,10138,81104,0.2936,8,10138,81104,0,0.0
2025-06-15,6,Sun,1,0,2,6,0,,7,10111,70777,-0.2943,7,10111,70777,0,0.0
2025-06-16,0,Mon,0,0,2,6,0,,8,10250,82000,0.0488,8,10250,82000,0,0.0
2025-06-17,1,Tue,0,0,2,6,0,,7,10324,72268,-0.2947,7,10324,72268,0,0.0
2025-06-18,2,Wed,0,0,2,6,0,,7,10424,72968,0.1559,7,10424,72968,0,0.0
2025-06-19,3,Thu,0,0,2,6,1,-1,7,8284,57988,0.1854,6,8720,54499,3489,6.4
2025-06-20,4,Fri,0,0,2,6,0,,5,11871,59355,-0.2629,5,11871,59355,0,0.0
2025-06-21,5,Sat,1,0,2,6,0,,8,8618,68944,0.2275,8,8618,68944,0,0.0
2025-06-22,6,Sun,1,1,2,6,0,,8,9305,74440,-0.1898,8,9305,74440,0,0.0
2025-06-23,0,Mon,0,1,2,6,0,,7,8882,62174,0.2841,7,8882,62174,0,0.0
2025-06-24,1,Tue,0,1,2,6,0,,6,8573,51438,-0.2238,6,8573,51438,0,0.0
2025-06-25,2,Wed,0,1,2,6,0,,6,11363,68178,-0.1087,6,11363,68178,0,0.0
2025-06-26,3,Thu,0,1,2,6,0,,7,11344,79408,0.1412,7,11344,79408,0,0.0
2025-06-27,4,Fri,0,1,2,6,0,,6,10511,63066,0.0038,6,10511,63066,0,0.0
2025-06-28,5,Sat,1,1,2,6,0,,9,9076,81684,-0.2706,9,9076,81684,0,0.0
2025-06-29,6,Sun,1,0,2,6,0,,8,10372,82976,-0.2999,8,10372,82976,0,0.0
2025-06-30,0,Mon,0,0,2,6,0,,7,8638,60466,-0.2999,7,8638,60466,0,0.0
2025-07-01,1,Tue,0,0,3,7,0,,6,9049,54294,0.2853,6,9049,54294,0,0.0
2025-07-02,2,Wed,0,0,3,7,0,,5,11066,55330,-0.1868,5,11066,55330,0,0.0
2025-07-03,3,Thu,0,0,3,7,1,-1,7,9639,67473,0.0801,6,10146,63414,4059,6.4
2025-07-04,4,Fri,0,0,3,7,0,,6,10815,64890,0.0963,6,10815,64890,0,0.0
2025-07-05,5,Sat,1,0,3,7,0,,7,9886,69202,0.2324,7,9886,69202,0,0.0
2025-07-06,6,Sun,1,0,3,7,0,,8,9289,74312,0.1592,8,9289,74312,0,0.0
2025-07-07,0,Mon,0,0,3,7,0,,5,9120,45600,-0.2471,5,9120,45600,0,0.0
2025-07-08,1,Tue,0,0,3,7,0,,5,10149,50745,-0.2359,5,10149,50745,0,0.0
2025-07-09,2,Wed,0,0,3,7,0,,6,11611,69666,0.2563,6,11611,69666,0,0.0
2025-07-10,3,Thu,0,0,3,7,1,5,6,10145,60870,-0.1733,5,10679,57208,3662,6.4
2025-07-11,4,Fri,0,0,3,7,1,5,6,9018,54108,-0.0413,5,9493,50853,3255,6.4
2025-07-12,5,Sat,1,0,3,7,1,5,10,9419,94190,0.0801,9,9915,88524,5666,6.4
2025-07-13,6,Sun,1,0,3,7,1,5,7,9958,69706,-0.0618,6,10482,65513,4193,6.4
2025-07-14,0,Mon,0,0,3,7,1,5,8,8327,66616,0.1733,7,8765,62609,4007,6.4
2025-07-15,1,Tue,0,0,3,7,1,5,7,9811,68677,0.2664,6,10327,64546,4131,6.4
2025-07-16,2,Wed,0,0,3,7,1,5,6,9313,55878,-0.2943,5,9803,52516,3362,6.4
2025-07-17,3,Thu,0,0,3,7,1,5,6,9867,59202,0.2471,5,10386,55640,3562,6.4
2025-07-18,4,Fri,0,0,3,7,1,5,8,9587,76696,0.2886,7,10092,72082,4614,6.4
2025-07-19,5,Sat,1,0,3,7,1,5,7,8626,60382,-0.0245,6,9080,56749,3633,6.4
2025-07-20,6,Sun,1,0,3,7,1,5,9,9511,85599,-0.0432,8,10012,80450,5149,6.4
2025-07-21,0,Mon,0,0,3,7,0,,6,9118,54708,-0.0783,6,9118,54708,0,0.0
2025-07-22,1,Tue,0,1,3,7,0,,7,10862,76034,0.0188,7,10862,76034,0,0.0
2025-07-23,2,Wed,0,1,3,7,0,,8,10902,87216,0.2738,8,10902,87216,0,0.0
2025-07-24,3,Thu,0,1,3,7,0,,7,10323,72261,-0.2108,7,10323,72261,0,0.0
2025-07-25,4,Fri,0,1,3,7,0,,7,10188,71316,-0.2991,7,10188,71316,0,0.0
2025-07-26,5,Sat,1,1,3,7,0,,7,11112,77784,0.126,7,11112,77784,0,0.0
2025-07-27,6,Sun,1,1,3,7,0,,7,9914,69398,0.2067,7,9914,69398,0,0.0
2025-07-28,0,Mon,0,1,3,7,1,-1,8,9672,77376,0.1311,7,10181,72721,4655,6.4
2025-07-29,1,Tue,0,0,3,7,0,,5,8065,40325,-0.1209,5,8065,40325,0,0.0
2025-07-30,2,Wed,0,0,3,7,0,,6,11045,66270,-0.2148,6,11045,66270,0,0.0
2025-07-31,3,Thu,0,0,3,7,0,,6,10812,64872,0.2714,6,10812,64872,0,0.0
2025-08-01,4,Fri,0,0,3,8,0,,6,10191,61146,-0.1779,6,10191,61146,0,0.0
2025-08-02,5,Sat,1,0,3,8,0,,6,10925,65550,-0.1639,6,10925,65550,0,0.0
2025-08-03,6,Sun,1,0,3,8,0,,7,10590,74130,0.2492,7,10590,74130,0,0.0
2025-08-04,0,Mon,0,0,3,8,0,,6,10920,65520,0.2698,6,10920,65520,0,0.0
2025-08-05,1,Tue,0,0,3,8,1,-1,8,6969,55752,0.1686,7,7336,52398,3354,6.4
2025-08-06,2,Wed,0,0,3,8,0,,5,10469,52345,-0.2915,5,10469,52345,0,0.0
2025-08-07,3,Thu,0,0,3,8,0,,5,10807,54035,0.2405,5,10807,54035,0,0.0
2025-08-08,4,Fri,0,0,3,8,0,,6,10399,62394,-0.0339,6,10399,62394,0,0.0
2025-08-09,5,Sat,1,0,3,8,0,,8,10315,82520,0.1495,8,10315,82520,0,0.0
2025-08-10,6,Sun,1,0,3,8,0,,7,9278,64946,-0.0301,7,9278,64946,0,0.0
2025-08-11,0,Mon,0,0,3,8,0,,5,9275,46375,-0.0909,5,9275,46375,0,0.0
2025-08-12,1,Tue,0,0,3,8,0,,7,8728,61096,0.2995,7,8728,61096,0,0.0
2025-08-13,2,Wed,0,0,3,8,0,,6,10318,61908,0.1655,6,10318,61908,0,0.0
2025-08-14,3,Thu,0,0,3,8,0,,6,9636,57816,-0.0525,6,9636,57816,0,0.0
2025-08-15,4,Fri,0,0,3,8,0,,6,10042,60252,0.2299,6,10042,60252,0,0.0
2025-08-16,5,Sat,1,0,3,8,0,,7,8609,60263,0.1139,7,8609,60263,0,0.0
2025-08-17,6,Sun,1,0,3,8,0,,6,8803,52818,0.1311,6,8803,52818,0,0.0
2025-08-18,0,Mon,0,0,3,8,0,,6,10197,61182,0.2611,6,10197,61182,0,0.0
2025-08-19,1,Tue,0,0,3,8,0,,6,9433,56598,0.126,6,9433,56598,0,0.0
2025-08-20,2,Wed,0,0,3,8,0,,5,8391,41955,0.3,5,8391,41955,0,0.0
2025-08-21,3,Thu,0,0,3,8,0,,7,9754,68278,0.1511,7,9754,68278,0,0.0
2025-08-22,4,Fri,0,1,3,8,1,-1,8,9872,78976,0.2782,7,10392,74225,4751,6.4
2025-08-23,5,Sat,1,1,3,8,0,,6,8935,53610,0.1052,6,8935,53610,0,0.0
2025-08-24,6,Sun,1,1,3,8,0,,7,10971,76797,0.0998,7,10971,76797,0,0.0
2025-08-25,0,Mon,0,1,3,8,0,,7,10077,70539,-0.1941,7,10077,70539,0,0.0
2025-08-26,1,Tue,0,1,3,8,0,,6,9933,59598,0.1984,6,9933,59598,0,0.0
2025-08-27,2,Wed,0,1,3,8,0,,9,9798,88182,0.1412,9,9798,88182,0,0.0
2025-08-28,3,Thu,0,1,3,8,0,,7,10421,72947,-0.0998,7,10421,72947,0,0.0
2025-08-29,4,Fri,0,0,3,8,0,,5,10105,50525,-0.2803,5,10105,50525,0,0.0
2025-08-30,5,Sat,1,0,3,8,0,,7,9886,69202,-0.0019,7,9886,69202,0,0.0
2025-08-31,6,Sun,1,0,3,8,1,-1,7,9837,68859,0.2966,6,10355,64717,4142,6.4
2025-09-01,0,Mon,0,0,3,9,0,,6,9213,55278,-0.2947,6,9213,55278,0,0.0
2025-09-02,1,Tue,0,0,3,9,0,,6,10919,65514,0.0507,6,10919,65514,0,0.0
2025-09-03,2,Wed,0,0,3,9,0,,6,9840,59040,0.0691,6,9840,59040,0,0.0
2025-09-04,3,Thu,0,0,3,9,0,,5,9224,46120,0.0525,5,9224,46120,0,0.0
2025-09-05,4,Fri,0,0,3,9,0,,6,10003,60018,-0.295,6,10003,60018,0,0.0
2025-09-06,5,Sat,1,0,3,9,0,,6,10840,65040,-0.262,6,10840,65040,0,0.0
2025-09-07,6,Sun,1,0,3,9,0,,5,9931,49655,-0.2533,5,9931,49655,0,0.0
2025-09-08,0,Mon,0,0,3,9,0,,7,10525,73675,0.296,7,10525,73675,0,0.0
2025-09-09,1,Tue,0,0,3,9,0,,6,10091,60546,-0.1495,6,10091,60546,0,0.0
2025-09-10,2,Wed,0,0,3,9,0,,7,11764,82348,-0.225,7,11764,82348,0,0.0
2025-09-11,3,Thu,0,0,3,9,0,,6,8792,52752,-0.2359,6,8792,52752,0,0.0
2025-09-12,4,Fri,0,0,3,9,0,,6,10019,60114,-0.0909,6,10019,60114,0,0.0
2025-09-13,5,Sat,1,0,3,9,0,,6,10726,64356,0.1956,6,10726,64356,0,0.0
2025-09-14,6,Sun,1,0,3,9,0,,8,9350,74800,-0.2816,8,9350,74800,0,0.0
2025-09-15,0,Mon,0,0,3,9,0,,5,8035,40175,-0.2999,5,8035,40175,0,0.0
2025-09-16,1,Tue,0,0,3,9,0,,5,9122,45610,-0.2999,5,9122,45610,0,0.0
2025-09-17,2,Wed,0,0,3,9,0,,7,9265,64855,0.2796,7,9265,64855,0,0.0
2025-09-18,3,Thu,0,0,3,9,0,,7,9854,68978,0.0038,7,9854,68978,0,0.0
2025-09-19,4,Fri,0,0,3,9,0,,7,9972,69804,-0.1226,7,9972,69804,0,0.0
2025-09-20,5,Sat,1,0,3,9,0,,7,10065,70455,-0.1087,7,10065,70455,0,0.0
2025-09-21,6,Sun,1,0,3,9,0,,7,9178,64246,-0.2238,7,9178,64246,0,0.0
2025-09-22,0,Mon,0,1,3,9,1,-1,8,9622,76976,0.2841,7,10128,72345,4631,6.4
2025-09-23,1,Tue,0,1,3,9,0,,5,9015,45075,-0.299,5,9015,45075,0,0.0
2025-09-24,2,Wed,0,1,3,9,0,,7,10170,71190,-0.2999,7,10170,71190,0,0.0
2025-09-25,3,Thu,0,1,3,9,0,,6,10492,62952,-0.2629,6,10492,62952,0,0.0
2025-09-26,4,Fri,0,1,3,9,0,,6,10302,61812,0.0207,6,10302,61812,0,0.0
2025-09-27,5,Sat,1,1,3,9,0,,8,9166,73328,-0.0764,8,9166,73328,0,0.0
2025-09-28,6,Sun,1,1,3,9,0,,7,9895,69265,-0.0927,7,9895,69265,0,0.0
2025-09-29,0,Mon,0,0,3,9,0,,5,9782,48910,-0.2335,5,9782,48910,0,0.0
2025-09-30,1,Tue,0,0,3,9,1,-1,7,8977,62839,0.2891,6,9449,59059,3780,6.4
2025-10-01,2,Wed,0,0,4,10,0,,10,13296,132960,0.3,10,13296,132960,0,0.0
2025-10-02,3,Thu,0,0,4,10,0,,8,10305,82440,-0.2753,8,10305,82440,0,0.0
2025-10-03,4,Fri,0,0,4,10,0,,11,13665,150315,-0.1576,11,13665,150315,0,0.0
2025-10-04,5,Sat,1,0,4,10,0,,12,13037,156444,0.0819,12,13037,156444,0,0.0
2025-10-05,6,Sun,1,0,4,10,0,,15,13141,197115,0.0998,15,13141,197115,0,0.0
2025-10-06,0,Mon,0,0,4,10,0,,8,12090,96720,0.0207,8,12090,96720,0,0.0
2025-10-07,1,Tue,0,0,4,10,0,,8,12249,97992,-0.2876,8,12249,97992,0,0.0
2025-10-08,2,Wed,0,0,4,10,0,,10,13187,131870,0.0432,10,13187,131870,0,0.0
2025-10-09,3,Thu,0,0,4,10,0,,12,12422,149064,0.2995,12,12422,149064,0,0.0
2025-10-10,4,Fri,0,0,4,10,0,,9,10074,90666,0.2891,9,10074,90666,0,0.0
2025-10-11,5,Sat,1,0,4,10,0,,11,13000,143000,-0.1763,11,13000,143000,0,0.0
2025-10-12,6,Sun,1,0,4,10,0,,11,11735,129085,-0.1655,11,11735,129085,0,0.0
2025-10-13,0,Mon,0,0,4,10,0,,10,12542,125420,0.0837,10,12542,125420,0,0.0
2025-10-14,1,Tue,0,0,4,10,0,,11,11339,124729,0.2405,11,11339,124729,0,0.0
2025-10-15,2,Wed,0,0,4,10,1,7,13,12430,161590,0.1702,12,13084,151870,9720,6.4
2025-10-16,3,Thu,0,0,4,10,1,7,11,11149,122639,-0.291,10,11736,115262,7377,6.4
2025-10-17,4,Fri,0,0,4,10,1,7,8,12071,96568,-0.2438,7,12706,90759,5809,6.4
2025-10-18,5,Sat,1,0,4,10,1,7,13,12593,163709,0.2492,12,13256,153861,9848,6.4
2025-10-19,6,Sun,1,0,4,10,1,7,13,11245,146185,-0.1623,12,11837,137391,8794,6.4
2025-10-20,0,Mon,0,0,4,10,1,7,11,11493,126423,-0.0282,10,12098,118818,7605,6.4
2025-10-21,1,Tue,0,0,4,10,1,7,11,12855,141405,-0.0451,10,13532,132899,8506,6.4
2025-10-22,2,Wed,0,1,4,10,1,7,11,11780,129580,-0.0746,10,12400,121785,7795,6.4
2025-10-23,3,Thu,0,1,4,10,1,7,13,12071,156923,0.2983,12,12706,147484,9439,6.4
2025-10-24,4,Fri,0,1,4,10,1,7,13,11197,145561,0.2722,12,11786,136805,8756,6.4
2025-10-25,5,Sat,1,1,4,10,1,7,11,13205,145255,-0.2915,10,13900,136517,8738,6.4
2025-10-26,6,Sun,1,1,4,10,0,,12,12761,153132,0.2393,12,12761,153132,0,0.0
2025-10-27,0,Mon,0,1,4,10,0,,12,11362,136344,0.1294,12,11362,136344,0,0.0
2025-10-28,1,Tue,0,1,4,10,0,,10,13908,139080,-0.0113,10,13908,139080,0,0.0
2025-10-29,2,Wed,0,0,4,10,0,,9,13485,121365,0.1277,9,13485,121365,0,0.0
2025-10-30,3,Thu,0,0,4,10,0,,8,12029,96232,-0.0909,8,12029,96232,0,0.0
2025-10-31,4,Fri,0,0,4,10,0,,12,11227,134724,0.2996,12,11227,134724,0,0.0
2025-11-01,5,Sat,1,0,4,11,0,,11,12464,137104,0.2533,11,12464,137104,0,0.0
2025-11-02,6,Sun,1,0,4,11,0,,12,12646,151752,0.0618,12,12646,151752,0,0.0
2025-11-03,0,Mon,0,0,4,11,0,,9,10798,97182,-0.2753,9,10798,97182,0,0.0
2025-11-04,1,Tue,0,0,4,11,0,,9,11413,102717,-0.1576,9,11413,102717,0,0.0
2025-11-05,2,Wed,0,0,4,11,1,-1,11,10489,115379,0.246,10,11041,108438,6941,6.4
2025-11-06,3,Thu,0,0,4,11,0,,9,12765,114885,0.2974,9,12765,114885,0,0.0
2025-11-07,4,Fri,0,0,4,11,0,,10,13197,131970,0.1607,10,13197,131970,0,0.0
2025-11-08,5,Sat,1,0,4,11,0,,9,13450,121050,-0.2932,9,13450,121050,0,0.0
2025-11-09,6,Sun,1,0,4,11,0,,9,12544,112896,0.0432,9,12544,112896,0,0.0
2025-11-10,0,Mon,0,0,4,11,0,,11,13050,143550,0.0783,11,13050,143550,0,0.0
2025-11-11,1,Tue,0,0,4,11,0,,9,12508,112572,-0.1854,9,12508,112572,0,0.0
2025-11-12,2,Wed,0,0,4,11,0,,9,12928,116352,-0.2971,9,12928,116352,0,0.0
2025-11-13,3,Thu,0,0,4,11,0,,7,13228,92596,-0.2656,7,13228,92596,0,0.0
2025-11-14,4,Fri,0,0,4,11,0,,8,12548,100384,0.2991,8,12548,100384,0,0.0
2025-11-15,5,Sat,1,0,4,11,0,,11,10401,114411,-0.1277,11,10401,114411,0,0.0
2025-11-16,6,Sun,1,0,4,11,0,,9,12543,112887,-0.0599,9,12543,112887,0,0.0
2025-11-17,0,Mon,0,0,4,11,0,,9,12137,109233,-0.2543,9,12137,109233,0,0.0
2025-11-18,1,Tue,0,0,4,11,0,,10,11111,111110,0.1209,10,11111,111110,0,0.0
2025-11-19,2,Wed,0,0,4,11,0,,10,13379,133790,0.2148,10,13379,133790,0,0.0
2025-11-20,3,Thu,0,0,4,11,0,,10,12518,125180,-0.0207,10,12518,125180,0,0.0
2025-11-21,4,Fri,0,0,4,11,0,,11,12479,137269,-0.273,11,12479,137269,0,0.0
2025-11-22,5,Sat,1,1,4,11,0,,10,12830,128300,-0.2187,10,12830,128300,0,0.0
2025-11-23,6,Sun,1,1,4,11,0,,15,12897,193455,0.269,15,12897,193455,0,0.0
2025-11-24,0,Mon,0,1,4,11,1,-1,13,12241,159133,0.1839,12,12885,149561,9572,6.4
2025-11-25,1,Tue,0,1,4,11,1,8,13,10793,140309,-0.2081,12,11361,131869,8440,6.4
2025-11-26,2,Wed,0,1,4,11,1,8,12,12476,149712,-0.1294,11,13133,140706,9006,6.4
2025-11-27,3,Thu,0,1,4,11,1,8,11,12390,136290,-0.0357,10,13042,128092,8198,6.4
2025-11-28,4,Fri,0,1,4,11,1,8,12,12691,152292,0.2915,11,13359,143131,9161,6.4
2025-11-29,5,Sat,1,0,4,11,1,8,13,9537,123981,-0.0113,12,10039,116523,7458,6.4
2025-11-30,6,Sun,1,0,4,11,1,8,12,13242,158904,-0.2983,11,13939,149345,9559,6.4
2025-12-01,0,Mon,0,0,4,12,0,,11,12171,133881,-0.2629,11,12171,133881,0,0.0
2025-12-02,1,Tue,0,0,4,12,0,,10,11606,116060,0.1839,10,11606,116060,0,0.0
2025-12-03,2,Wed,0,0,4,12,1,-1,11,11720,128920,0.0544,10,12337,121165,7755,6.4
2025-12-04,3,Thu,0,0,4,12,0,,12,12276,147312,0.0709,12,12276,147312,0,0.0
2025-12-05,4,Fri,0,0,4,12,0,,11,13365,147015,0.0488,11,13365,147015,0,0.0
2025-12-06,5,Sat,1,0,4,12,0,,10,11409,114090,-0.2943,10,11409,114090,0,0.0
2025-12-07,6,Sun,1,0,4,12,0,,11,11901,130911,0.2932,11,11901,130911,0,0.0
2025-12-08,0,Mon,0,0,4,12,0,,8,12734,101872,-0.2513,8,12734,101872,0,0.0
2025-12-09,1,Tue,0,0,4,12,0,,9,11678,105102,-0.2543,9,11678,105102,0,0.0
2025-12-10,2,Wed,0,0,4,12,0,,9,10241,92169,-0.1527,9,10241,92169,0,0.0
2025-12-11,3,Thu,0,0,4,12,0,,9,12493,112437,0.0376,9,12493,112437,0,0.0
2025-12-12,4,Fri,0,0,4,12,0,,8,12552,100416,0.0562,8,12552,100416,0,0.0
2025-12-13,5,Sat,1,0,4,12,0,,10,12765,127650,0.0654,10,12765,127650,0,0.0
2025-12-14,6,Sun,1,0,4,12,0,,10,14110,141100,-0.2971,10,14110,141100,0,0.0
2025-12-15,0,Mon,0,0,4,12,0,,11,10924,120164,-0.2682,11,10924,120164,0,0.0
2025-12-16,1,Tue,0,0,4,12,0,,11,13614,149754,-0.2601,11,13614,149754,0,0.0
2025-12-17,2,Wed,0,0,4,12,0,,12,12934,155208,0.2979,12,12934,155208,0,0.0
2025-12-18,3,Thu,0,0,4,12,0,,9,13131,118179,-0.1379,9,13131,118179,0,0.0
2025-12-19,4,Fri,0,0,4,12,0,,10,11980,119800,-0.2161,10,11980,119800,0,0.0
2025-12-20,5,Sat,1,0,4,12,1,9,12,11277,135324,-0.1191,11,11871,127184,8140,6.4
2025-12-21,6,Sun,1,0,4,12,1,9,12,11105,133260,-0.1034,11,11689,125244,8016,6.4
2025-12-22,0,Mon,0,1,4,12,1,9,11,11584,127424,0.2054,10,12194,119759,7665,6.4
2025-12-23,1,Tue,0,1,4,12,1,9,10,12745,127450,-0.2768,9,13416,119783,7667,6.4
2025-12-24,2,Wed,0,1,4,12,1,9,12,12577,150924,-0.2993,11,13239,141845,9079,6.4
2025-12-25,3,Thu,0,1,4,12,1,9,10,12484,124840,-0.3,9,13141,117330,7510,6.4
2025-12-26,4,Fri,0,1,4,12,1,9,11,12330,135630,0.1016,10,12979,127471,8159,6.4
2025-12-27,5,Sat,1,1,4,12,1,9,16,12966,207456,0.017,14,13648,194977,12479,6.4
2025-12-28,6,Sun,1,1,4,12,1,9,10,11888,118880,-0.2865,9,12514,111729,7151,6.4
2025-12-29,0,Mon,0,0,4,12,1,9,12,14722,176664,-0.0963,11,15497,166037,10627,6.4
2025-12-30,1,Tue,0,0,4,12,1,9,11,11978,131758,-0.2324,10,12608,123832,7926,6.4
2025-12-31,2,Wed,0,0,4,12,1,9,12,11698,140376,0.2881,11,12314,131932,8444,6.4
